2026-09-15 01:47:17,465 - aqt.main - ERROR - installer 26348 'wasm' is not a valid target for host 'windows'
2026-09-15 01:47:18,444 - aqt.helper - DEBUG - helper 29920 Attempt to download checksum at https://download.qt.io/online/qtsdkrepository/windows_x86/desktop/qt6_682/qt6_682/Updates.xml.sha256
2026-09-15 01:48:08,292 - aqt.helper - DEBUG - helper 30560 Attempt to download checksum at https://download.qt.io/online/qtsdkrepository/all_os/wasm/qt6_682/qt6_682_wasm_singlethread/Updates.xml.sha256
2026-09-15 01:48:10,620 - aqt.helper - DEBUG - helper 30560 Attempt to download checksum at https://download.qt.io/online/qtsdkrepository/all_os/wasm/qt6_682/qt6_682_wasm_multithread/Updates.xml.sha256
2026-09-15 01:48:57,808 - aqt.helper - DEBUG - helper 2012 Attempt to download checksum at https://download.qt.io/online/qtsdkrepository/all_os/wasm/qt6_682/qt6_682_wasm_multithread/Updates.xml.sha256
2026-09-15 01:49:00,164 - aqt.helper - DEBUG - helper 2012 Attempt to download checksum at https://download.qt.io/online/qtsdkrepository/all_os/extensions/qtpdf/682/wasm_multithread/Updates.xml.sha256
2026-09-15 01:49:01,331 - aqt.helper - DEBUG - helper 2012 Attempt to download checksum at https://download.qt.io/online/qtsdkrepository/all_os/extensions/qtpdf/682/wasm_multithread/Updates.xml.sha256
2026-09-15 01:49:02,527 - aqt.helper - DEBUG - helper 2012 Attempt to download checksum at https://download.qt.io/online/qtsdkrepository/all_os/extensions/qtpdf/682/wasm_multithread/Updates.xml.sha256
2026-09-15 01:49:03,701 - aqt.helper - DEBUG - helper 2012 Attempt to download checksum at https://download.qt.io/online/qtsdkrepository/all_os/extensions/qtpdf/682/wasm_multithread/Updates.xml.sha256
2026-09-15 01:49:04,853 - aqt.helper - DEBUG - helper 2012 Attempt to download checksum at https://download.qt.io/online/qtsdkrepository/all_os/extensions/qtpdf/682/wasm_multithread/Updates.xml.sha256
2026-09-15 01:49:05,997 - aqt.helper - DEBUG - helper 2012 Attempt to download checksum at https://download.qt.io/online/qtsdkrepository/all_os/extensions/qtwebengine/682/wasm_multithread/Updates.xml.sha256
2026-09-15 01:49:07,142 - aqt.helper - DEBUG - helper 2012 Attempt to download checksum at https://download.qt.io/online/qtsdkrepository/all_os/extensions/qtwebengine/682/wasm_multithread/Updates.xml.sha256
2026-09-15 01:49:08,299 - aqt.helper - DEBUG - helper 2012 Attempt to download checksum at https://download.qt.io/online/qtsdkrepository/all_os/extensions/qtwebengine/682/wasm_multithread/Updates.xml.sha256
2026-09-15 01:49:09,461 - aqt.helper - DEBUG - helper 2012 Attempt to download checksum at https://download.qt.io/online/qtsdkrepository/all_os/extensions/qtwebengine/682/wasm_multithread/Updates.xml.sha256
2026-09-15 01:49:10,750 - aqt.helper - DEBUG - helper 2012 Attempt to download checksum at https://download.qt.io/online/qtsdkrepository/all_os/extensions/qtwebengine/682/wasm_multithread/Updates.xml.sha256
2026-09-15 01:49:57,326 - aqt.helper - DEBUG - helper 31732 Attempt to download checksum at https://download.qt.io/online/qtsdkrepository/all_os/wasm/qt6_6110/qt6_6110_wasm_multithread/Updates.xml.sha256
2026-09-15 01:49:59,659 - aqt.helper - DEBUG - helper 31732 Attempt to download checksum at https://download.qt.io/online/qtsdkrepository/all_os/extensions/qtpdf/6110/wasm_multithread/Updates.xml.sha256
2026-09-15 01:50:00,842 - aqt.helper - DEBUG - helper 31732 Attempt to download checksum at https://download.qt.io/online/qtsdkrepository/all_os/extensions/qtpdf/6110/wasm_multithread/Updates.xml.sha256
2026-09-15 01:50:02,020 - aqt.helper - DEBUG - helper 31732 Attempt to download checksum at https://download.qt.io/online/qtsdkrepository/all_os/extensions/qtpdf/6110/wasm_multithread/Updates.xml.sha256
2026-09-15 01:50:03,158 - aqt.helper - DEBUG - helper 31732 Attempt to download checksum at https://download.qt.io/online/qtsdkrepository/all_os/extensions/qtpdf/6110/wasm_multithread/Updates.xml.sha256
2026-09-15 01:50:04,332 - aqt.helper - DEBUG - helper 31732 Attempt to download checksum at https://download.qt.io/online/qtsdkrepository/all_os/extensions/qtpdf/6110/wasm_multithread/Updates.xml.sha256
2026-09-15 01:50:05,485 - aqt.helper - DEBUG - helper 31732 Attempt to download checksum at https://download.qt.io/online/qtsdkrepository/all_os/extensions/qtwebengine/6110/wasm_multithread/Updates.xml.sha256
2026-09-15 01:50:06,642 - aqt.helper - DEBUG - helper 31732 Attempt to download checksum at https://download.qt.io/online/qtsdkrepository/all_os/extensions/qtwebengine/6110/wasm_multithread/Updates.xml.sha256
2026-09-15 01:50:07,812 - aqt.helper - DEBUG - helper 31732 Attempt to download checksum at https://download.qt.io/online/qtsdkrepository/all_os/extensions/qtwebengine/6110/wasm_multithread/Updates.xml.sha256
2026-09-15 01:50:09,004 - aqt.helper - DEBUG - helper 31732 Attempt to download checksum at https://download.qt.io/online/qtsdkrepository/all_os/extensions/qtwebengine/6110/wasm_multithread/Updates.xml.sha256
2026-09-15 01:50:10,171 - aqt.helper - DEBUG - helper 31732 Attempt to download checksum at https://download.qt.io/online/qtsdkrepository/all_os/extensions/qtwebengine/6110/wasm_multithread/Updates.xml.sha256
2026-09-15 01:51:40,341 - aqt.helper - DEBUG - helper 21820 Attempt to download checksum at https://download.qt.io/online/qtsdkrepository/windows_x86/desktop/qt6_6110/qt6_6110/Updates.xml.sha256
2026-09-15 01:51:41,526 - aqt.helper - DEBUG - helper 21820 Attempt to download checksum at https://download.qt.io/online/qtsdkrepository/windows_x86/desktop/qt6_6110/qt6_6110/Updates.xml.sha256
2026-09-15 01:51:42,751 - aqt.helper - DEBUG - helper 21820 Attempt to download checksum at https://download.qt.io/online/qtsdkrepository/windows_x86/desktop/qt6_6110/qt6_6110/Updates.xml.sha256
2026-09-15 01:51:43,996 - aqt.helper - DEBUG - helper 21820 Attempt to download checksum at https://download.qt.io/online/qtsdkrepository/windows_x86/desktop/qt6_6110/qt6_6110/Updates.xml.sha256
2026-09-15 01:51:45,156 - aqt.helper - DEBUG - helper 21820 Attempt to download checksum at https://download.qt.io/online/qtsdkrepository/windows_x86/desktop/qt6_6110/qt6_6110/Updates.xml.sha256
2026-09-15 01:51:46,317 - aqt.main - ERROR - installer 21820 Failed to download checksum for the file 'Updates.xml' from mirrors '['https://download.qt.io']
==============================Suggested follow-up:==============================
* Check your internet connection
* Consider modifying `requests.max_retries_to_retrieve_hash` in settings.ini
* Consider modifying `mirrors.trusted_mirrors` in settings.ini (see https://aqtinstall.readthedocs.io/en/stable/configuration.html#configuration)
* Please use 'aqt list-qt windows desktop' to show versions of Qt available.
2026-09-15 01:54:26,931 - aqt.main - INFO - installer 30248 aqtinstall(aqt) v3.3.0 on Python 3.14.3 [CPython MSC v.1944 64 bit (AMD64)]
2026-09-15 01:54:26,933 - aqt.helper - DEBUG - helper 30248 Attempt to download checksum at https://download.qt.io/online/qtsdkrepository/windows_x86/desktop/qt6_6110/qt6_6110/Updates.xml.sha256
2026-09-15 01:54:28,321 - aqt.helper - DEBUG - helper 30248 Attempt to download checksum at https://download.qt.io/online/qtsdkrepository/windows_x86/desktop/qt6_6110/qt6_6110/Updates.xml.sha256
2026-09-15 01:54:29,561 - aqt.helper - DEBUG - helper 30248 Attempt to download checksum at https://download.qt.io/online/qtsdkrepository/windows_x86/desktop/qt6_6110/qt6_6110/Updates.xml.sha256
2026-09-15 01:54:30,970 - aqt.helper - DEBUG - helper 30248 Attempt to download checksum at https://download.qt.io/online/qtsdkrepository/windows_x86/desktop/qt6_6110/qt6_6110/Updates.xml.sha256
2026-09-15 01:54:32,366 - aqt.helper - DEBUG - helper 30248 Attempt to download checksum at https://download.qt.io/online/qtsdkrepository/windows_x86/desktop/qt6_6110/qt6_6110/Updates.xml.sha256
2026-09-15 01:54:33,741 - aqt.main - ERROR - installer 30248 Failed to download checksum for the file 'Updates.xml' from mirrors '['https://download.qt.io']
==============================Suggested follow-up:==============================
* Check your internet connection
* Consider modifying `requests.max_retries_to_retrieve_hash` in settings.ini
* Consider modifying `mirrors.trusted_mirrors` in settings.ini (see https://aqtinstall.readthedocs.io/en/stable/configuration.html#configuration)
2026-09-15 01:55:10,310 - aqt.main - INFO - installer 26160 aqtinstall(aqt) v3.3.0 on Python 3.14.3 [CPython MSC v.1944 64 bit (AMD64)]
2026-09-15 01:55:10,312 - aqt.helper - DEBUG - helper 26160 Attempt to download checksum at https://download.qt.io/online/qtsdkrepository/windows_x86/desktop/qt6_6110/qt6_6110/Updates.xml.sha256
2026-09-15 01:55:11,521 - aqt.helper - DEBUG - helper 26160 Attempt to download checksum at https://download.qt.io/online/qtsdkrepository/windows_x86/desktop/qt6_6110/qt6_6110/Updates.xml.sha256
2026-09-15 01:55:12,669 - aqt.helper - DEBUG - helper 26160 Attempt to download checksum at https://download.qt.io/online/qtsdkrepository/windows_x86/desktop/qt6_6110/qt6_6110/Updates.xml.sha256
2026-09-15 01:55:13,847 - aqt.helper - DEBUG - helper 26160 Attempt to download checksum at https://download.qt.io/online/qtsdkrepository/windows_x86/desktop/qt6_6110/qt6_6110/Updates.xml.sha256
2026-09-15 01:55:15,028 - aqt.helper - DEBUG - helper 26160 Attempt to download checksum at https://download.qt.io/online/qtsdkrepository/windows_x86/desktop/qt6_6110/qt6_6110/Updates.xml.sha256
2026-09-15 01:55:16,186 - aqt.main - ERROR - installer 26160 Failed to download checksum for the file 'Updates.xml' from mirrors '['https://download.qt.io']
==============================Suggested follow-up:==============================
* Check your internet connection
* Consider modifying `requests.max_retries_to_retrieve_hash` in settings.ini
* Consider modifying `mirrors.trusted_mirrors` in settings.ini (see https://aqtinstall.readthedocs.io/en/stable/configuration.html#configuration)
2026-09-15 01:55:53,891 - aqt.main - INFO - installer 32364 aqtinstall(aqt) v3.3.0 on Python 3.14.3 [CPython MSC v.1944 64 bit (AMD64)]
2026-09-15 01:55:53,892 - aqt.helper - DEBUG - helper 32364 Attempt to download checksum at https://download.qt.io/online/qtsdkrepository/windows_x86/desktop/qt6_682/qt6_682/Updates.xml.sha256
2026-09-15 01:55:56,458 - aqt.main - INFO - installer 32364 You are installing the Qt6-WASM version of Qt
2026-09-15 01:55:56,459 - aqt.helper - DEBUG - helper 32364 Attempt to download checksum at https://download.qt.io/online/qtsdkrepository/windows_x86/wasm/qt6_682/qt6_682_wasm_multithread/Updates.xml.sha256
2026-09-15 01:55:57,599 - aqt.helper - DEBUG - helper 32364 Attempt to download checksum at https://download.qt.io/online/qtsdkrepository/windows_x86/wasm/qt6_682/qt6_682_wasm_multithread/Updates.xml.sha256
2026-09-15 01:55:58,836 - aqt.helper - DEBUG - helper 32364 Attempt to download checksum at https://download.qt.io/online/qtsdkrepository/windows_x86/wasm/qt6_682/qt6_682_wasm_multithread/Updates.xml.sha256
2026-09-15 01:56:00,029 - aqt.helper - DEBUG - helper 32364 Attempt to download checksum at https://download.qt.io/online/qtsdkrepository/windows_x86/wasm/qt6_682/qt6_682_wasm_multithread/Updates.xml.sha256
2026-09-15 01:56:01,202 - aqt.helper - DEBUG - helper 32364 Attempt to download checksum at https://download.qt.io/online/qtsdkrepository/windows_x86/wasm/qt6_682/qt6_682_wasm_multithread/Updates.xml.sha256
2026-09-15 01:56:02,369 - aqt.archives - WARNING - archives 32364 Failed to download checksum for the file 'online/qtsdkrepository/windows_x86/wasm/qt6_682/qt6_682_wasm_multithread/Updates.xml'. This may happen on unofficial mirrors.
2026-09-15 01:56:03,042 - aqt.main - ERROR - installer 32364 Failed to locate XML data for Qt version '6.8.2'.
==============================Suggested follow-up:==============================
* Please use 'aqt list-qt windows wasm' to show versions available.
2026-09-15 01:56:42,143 - aqt.main - INFO - installer 18056 aqtinstall(aqt) v3.3.0 on Python 3.14.3 [CPython MSC v.1944 64 bit (AMD64)]
2026-09-15 01:56:42,146 - aqt.helper - DEBUG - helper 18056 Attempt to download checksum at https://download.qt.io/online/qtsdkrepository/windows_x86/desktop/qt6_682/qt6_682/Updates.xml.sha256
2026-09-15 01:56:45,088 - aqt.main - INFO - installer 18056 You are installing the Qt6-WASM version of Qt
2026-09-15 01:56:45,088 - aqt.helper - DEBUG - helper 18056 Attempt to download checksum at https://download.qt.io/online/qtsdkrepository/all_os/wasm/qt6_682/qt6_682_wasm_multithread/Updates.xml.sha256
2026-09-15 01:56:46,969 - aqt.helper - DEBUG - helper 18056 Attempt to download checksum at https://download.qt.io/online/qtsdkrepository/all_os/extensions/qtwebengine/682/wasm_multithread/Updates.xml.sha256
2026-09-15 01:56:48,139 - aqt.helper - DEBUG - helper 18056 Attempt to download checksum at https://download.qt.io/online/qtsdkrepository/all_os/extensions/qtwebengine/682/wasm_multithread/Updates.xml.sha256
2026-09-15 01:56:49,274 - aqt.helper - DEBUG - helper 18056 Attempt to download checksum at https://download.qt.io/online/qtsdkrepository/all_os/extensions/qtwebengine/682/wasm_multithread/Updates.xml.sha256
2026-09-15 01:56:50,468 - aqt.helper - DEBUG - helper 18056 Attempt to download checksum at https://download.qt.io/online/qtsdkrepository/all_os/extensions/qtwebengine/682/wasm_multithread/Updates.xml.sha256
2026-09-15 01:56:51,749 - aqt.helper - DEBUG - helper 18056 Attempt to download checksum at https://download.qt.io/online/qtsdkrepository/all_os/extensions/qtwebengine/682/wasm_multithread/Updates.xml.sha256
2026-09-15 01:56:53,014 - aqt.helper - DEBUG - helper 18056 Attempt to download checksum at https://download.qt.io/online/qtsdkrepository/all_os/extensions/qtpdf/682/wasm_multithread/Updates.xml.sha256
2026-09-15 01:56:54,327 - aqt.helper - DEBUG - helper 18056 Attempt to download checksum at https://download.qt.io/online/qtsdkrepository/all_os/extensions/qtpdf/682/wasm_multithread/Updates.xml.sha256
2026-09-15 01:56:55,654 - aqt.helper - DEBUG - helper 18056 Attempt to download checksum at https://download.qt.io/online/qtsdkrepository/all_os/extensions/qtpdf/682/wasm_multithread/Updates.xml.sha256
2026-09-15 01:56:56,918 - aqt.helper - DEBUG - helper 18056 Attempt to download checksum at https://download.qt.io/online/qtsdkrepository/all_os/extensions/qtpdf/682/wasm_multithread/Updates.xml.sha256
2026-09-15 01:56:58,318 - aqt.helper - DEBUG - helper 18056 Attempt to download checksum at https://download.qt.io/online/qtsdkrepository/all_os/extensions/qtpdf/682/wasm_multithread/Updates.xml.sha256
2026-09-15 01:57:02,241 - aqt.helper - DEBUG - helper 11516 Attempt to download checksum at https://download.qt.io/online/qtsdkrepository/all_os/wasm/qt6_682/qt6_682_wasm_multithread/qt.qt6.682.wasm_multithread/6.8.2-0-202501260838qtdeclarative-Linux-openSUSE_15_5-GCC-Linux-WebAssembly-X86_64.7z.sha256
2026-09-15 01:57:02,246 - aqt.helper - DEBUG - helper 28188 Attempt to download checksum at https://download.qt.io/online/qtsdkrepository/all_os/wasm/qt6_682/qt6_682_wasm_multithread/qt.qt6.682.wasm_multithread/6.8.2-0-202501260838qtsvg-Linux-openSUSE_15_5-GCC-Linux-WebAssembly-X86_64.7z.sha256
2026-09-15 01:57:02,288 - aqt.helper - DEBUG - helper 22916 Attempt to download checksum at https://download.qt.io/online/qtsdkrepository/all_os/wasm/qt6_682/qt6_682_wasm_multithread/qt.qt6.682.wasm_multithread/6.8.2-0-202501260838qtbase-Linux-openSUSE_15_5-GCC-Linux-WebAssembly-X86_64.7z.sha256
2026-09-15 01:57:02,291 - aqt.helper - DEBUG - helper 12836 Attempt to download checksum at https://download.qt.io/online/qtsdkrepository/all_os/wasm/qt6_682/qt6_682_wasm_multithread/qt.qt6.682.wasm_multithread/6.8.2-0-202501260838qttools-Linux-openSUSE_15_5-GCC-Linux-WebAssembly-X86_64.7z.sha256
2026-09-15 01:57:03,798 - aqt.helper - INFO - helper 12836 Downloading qttools...
2026-09-15 01:57:03,799 - aqt.helper - INFO - helper 11516 Downloading qtdeclarative...
2026-09-15 01:57:03,798 - aqt.installer - DEBUG - installer 12836 Download URL: https://mirrors.ocf.berkeley.edu/qt/online/qtsdkrepository/all_os/wasm/qt6_682/qt6_682_wasm_multithread/qt.qt6.682.wasm_multithread/6.8.2-0-202501260838qttools-Linux-openSUSE_15_5-GCC-Linux-WebAssembly-X86_64.7z
2026-09-15 01:57:03,799 - aqt.installer - DEBUG - installer 11516 Download URL: https://mirrors.ocf.berkeley.edu/qt/online/qtsdkrepository/all_os/wasm/qt6_682/qt6_682_wasm_multithread/qt.qt6.682.wasm_multithread/6.8.2-0-202501260838qtdeclarative-Linux-openSUSE_15_5-GCC-Linux-WebAssembly-X86_64.7z
2026-09-15 01:57:03,818 - aqt.helper - INFO - helper 22916 Downloading qtbase...
2026-09-15 01:57:03,819 - aqt.installer - DEBUG - installer 22916 Download URL: https://mirrors.ocf.berkeley.edu/qt/online/qtsdkrepository/all_os/wasm/qt6_682/qt6_682_wasm_multithread/qt.qt6.682.wasm_multithread/6.8.2-0-202501260838qtbase-Linux-openSUSE_15_5-GCC-Linux-WebAssembly-X86_64.7z
2026-09-15 01:57:03,834 - aqt.helper - INFO - helper 28188 Downloading qtsvg...
2026-09-15 01:57:03,834 - aqt.installer - DEBUG - installer 28188 Download URL: https://mirrors.ocf.berkeley.edu/qt/online/qtsdkrepository/all_os/wasm/qt6_682/qt6_682_wasm_multithread/qt.qt6.682.wasm_multithread/6.8.2-0-202501260838qtsvg-Linux-openSUSE_15_5-GCC-Linux-WebAssembly-X86_64.7z
2026-09-15 01:57:06,776 - aqt.installer - INFO - installer 28188 Finished installation of qtsvg-Linux-openSUSE_15_5-GCC-Linux-WebAssembly-X86_64.7z in 4.53846840
2026-09-15 01:57:06,824 - aqt.helper - DEBUG - helper 28188 Attempt to download checksum at https://download.qt.io/online/qtsdkrepository/all_os/wasm/qt6_682/qt6_682_wasm_multithread/qt.qt6.682.wasm_multithread/6.8.2-0-202501260838qttranslations-Linux-openSUSE_15_5-GCC-Linux-WebAssembly-X86_64.7z.sha256
2026-09-15 01:57:07,613 - aqt.installer - INFO - installer 12836 Finished installation of qttools-Linux-openSUSE_15_5-GCC-Linux-WebAssembly-X86_64.7z in 5.33102460
2026-09-15 01:57:08,137 - aqt.helper - INFO - helper 28188 Downloading qttranslations...
2026-09-15 01:57:08,137 - aqt.installer - DEBUG - installer 28188 Download URL: https://mirrors.ocf.berkeley.edu/qt/online/qtsdkrepository/all_os/wasm/qt6_682/qt6_682_wasm_multithread/qt.qt6.682.wasm_multithread/6.8.2-0-202501260838qttranslations-Linux-openSUSE_15_5-GCC-Linux-WebAssembly-X86_64.7z
2026-09-15 01:57:11,166 - aqt.installer - INFO - installer 28188 Finished installation of qttranslations-Linux-openSUSE_15_5-GCC-Linux-WebAssembly-X86_64.7z in 4.34980330
2026-09-15 01:57:32,069 - aqt.installer - INFO - installer 22916 Finished installation of qtbase-Linux-openSUSE_15_5-GCC-Linux-WebAssembly-X86_64.7z in 29.79128460
2026-09-15 01:57:39,286 - aqt.installer - INFO - installer 11516 Finished installation of qtdeclarative-Linux-openSUSE_15_5-GCC-Linux-WebAssembly-X86_64.7z in 37.05176240
2026-09-15 01:57:39,528 - aqt.updater - INFO - updater 18056 Patching C:\Qt\6.8.2\wasm_multithread\bin\qmake.bat
2026-09-15 01:57:39,562 - aqt.updater - INFO - updater 18056 Patching C:\Qt\6.8.2\wasm_multithread\bin\qtpaths.bat
2026-09-15 01:57:39,593 - aqt.updater - INFO - updater 18056 Patching C:\Qt\6.8.2\wasm_multithread\bin\qmake6.bat
2026-09-15 01:57:39,605 - aqt.updater - INFO - updater 18056 Patching C:\Qt\6.8.2\wasm_multithread\bin\qtpaths6.bat
2026-09-15 01:57:39,622 - aqt.updater - INFO - updater 18056 Patching C:\Qt\6.8.2\wasm_multithread\bin\target_qt.conf
2026-09-15 01:57:39,682 - aqt.main - INFO - installer 18056 
2026-09-15 01:57:39,683 - aqt.main - INFO - installer 18056 Autodesktop will now install windows desktop 6.8.2 win64_mingw as required by Qt6-WASM
2026-09-15 01:57:39,683 - aqt.main - INFO - installer 18056 aqtinstall(aqt) v3.3.0 on Python 3.14.3 [CPython MSC v.1944 64 bit (AMD64)]
2026-09-15 01:57:39,683 - aqt.helper - DEBUG - helper 18056 Attempt to download checksum at https://download.qt.io/online/qtsdkrepository/windows_x86/desktop/qt6_682/qt6_682/Updates.xml.sha256
2026-09-15 01:57:41,920 - aqt.helper - DEBUG - helper 18056 Attempt to download checksum at https://download.qt.io/online/qtsdkrepository/windows_x86/extensions/qtwebengine/682/mingw/Updates.xml.sha256
2026-09-15 01:57:43,245 - aqt.helper - DEBUG - helper 18056 Attempt to download checksum at https://download.qt.io/online/qtsdkrepository/windows_x86/extensions/qtwebengine/682/mingw/Updates.xml.sha256
2026-09-15 01:57:44,524 - aqt.helper - DEBUG - helper 18056 Attempt to download checksum at https://download.qt.io/online/qtsdkrepository/windows_x86/extensions/qtwebengine/682/mingw/Updates.xml.sha256
2026-09-15 01:57:46,013 - aqt.helper - DEBUG - helper 18056 Attempt to download checksum at https://download.qt.io/online/qtsdkrepository/windows_x86/extensions/qtwebengine/682/mingw/Updates.xml.sha256
2026-09-15 01:57:47,224 - aqt.helper - DEBUG - helper 18056 Attempt to download checksum at https://download.qt.io/online/qtsdkrepository/windows_x86/extensions/qtwebengine/682/mingw/Updates.xml.sha256
2026-09-15 01:57:48,407 - aqt.helper - DEBUG - helper 18056 Attempt to download checksum at https://download.qt.io/online/qtsdkrepository/windows_x86/extensions/qtpdf/682/mingw/Updates.xml.sha256
2026-09-15 01:57:50,382 - aqt.archives - INFO - archives 18056 Found extension qtpdf
2026-09-15 01:57:52,566 - aqt.helper - DEBUG - helper 10648 Attempt to download checksum at https://download.qt.io/online/qtsdkrepository/windows_x86/desktop/qt6_682/qt6_682/qt.qt6.682.win64_mingw/6.8.2-0-202501260838qtbase-Windows-Windows_10_22H2-Mingw-Windows-Windows_10_22H2-X86_64.7z.sha256
2026-09-15 01:57:52,568 - aqt.helper - DEBUG - helper 16864 Attempt to download checksum at https://download.qt.io/online/qtsdkrepository/windows_x86/desktop/qt6_682/qt6_682/qt.qt6.682.win64_mingw/6.8.2-0-202501260838qtsvg-Windows-Windows_10_22H2-Mingw-Windows-Windows_10_22H2-X86_64.7z.sha256
2026-09-15 01:57:52,602 - aqt.helper - DEBUG - helper 20072 Attempt to download checksum at https://download.qt.io/online/qtsdkrepository/windows_x86/desktop/qt6_682/qt6_682/qt.qt6.682.win64_mingw/6.8.2-0-202501260838qtdeclarative-Windows-Windows_10_22H2-Mingw-Windows-Windows_10_22H2-X86_64.7z.sha256
2026-09-15 01:57:52,632 - aqt.helper - DEBUG - helper 15244 Attempt to download checksum at https://download.qt.io/online/qtsdkrepository/windows_x86/desktop/qt6_682/qt6_682/qt.qt6.682.win64_mingw/6.8.2-0-202501260838qttools-Windows-Windows_10_22H2-Mingw-Windows-Windows_10_22H2-X86_64.7z.sha256
2026-09-15 01:57:54,077 - aqt.helper - INFO - helper 16864 Downloading qtsvg...
2026-09-15 01:57:54,086 - aqt.helper - INFO - helper 20072 Downloading qtdeclarative...
2026-09-15 01:57:54,077 - aqt.installer - DEBUG - installer 16864 Download URL: https://mirrors.ocf.berkeley.edu/qt/online/qtsdkrepository/windows_x86/desktop/qt6_682/qt6_682/qt.qt6.682.win64_mingw/6.8.2-0-202501260838qtsvg-Windows-Windows_10_22H2-Mingw-Windows-Windows_10_22H2-X86_64.7z
2026-09-15 01:57:54,086 - aqt.installer - DEBUG - installer 20072 Download URL: https://mirrors.ocf.berkeley.edu/qt/online/qtsdkrepository/windows_x86/desktop/qt6_682/qt6_682/qt.qt6.682.win64_mingw/6.8.2-0-202501260838qtdeclarative-Windows-Windows_10_22H2-Mingw-Windows-Windows_10_22H2-X86_64.7z
2026-09-15 01:57:54,122 - aqt.helper - INFO - helper 10648 Downloading qtbase...
2026-09-15 01:57:54,122 - aqt.installer - DEBUG - installer 10648 Download URL: https://mirrors.ocf.berkeley.edu/qt/online/qtsdkrepository/windows_x86/desktop/qt6_682/qt6_682/qt.qt6.682.win64_mingw/6.8.2-0-202501260838qtbase-Windows-Windows_10_22H2-Mingw-Windows-Windows_10_22H2-X86_64.7z
2026-09-15 01:57:54,134 - aqt.helper - INFO - helper 15244 Downloading qttools...
2026-09-15 01:57:54,135 - aqt.installer - DEBUG - installer 15244 Download URL: https://mirrors.ocf.berkeley.edu/qt/online/qtsdkrepository/windows_x86/desktop/qt6_682/qt6_682/qt.qt6.682.win64_mingw/6.8.2-0-202501260838qttools-Windows-Windows_10_22H2-Mingw-Windows-Windows_10_22H2-X86_64.7z
2026-09-15 01:57:56,596 - aqt.installer - INFO - installer 16864 Finished installation of qtsvg-Windows-Windows_10_22H2-Mingw-Windows-Windows_10_22H2-X86_64.7z in 4.03390720
2026-09-15 01:57:56,642 - aqt.helper - DEBUG - helper 16864 Attempt to download checksum at https://download.qt.io/online/qtsdkrepository/windows_x86/desktop/qt6_682/qt6_682/qt.qt6.682.win64_mingw/6.8.2-0-202501260838qttranslations-Windows-Windows_10_22H2-Mingw-Windows-Windows_10_22H2-X86_64.7z.sha256
2026-09-15 01:57:58,009 - aqt.helper - INFO - helper 16864 Downloading qttranslations...
2026-09-15 01:57:58,009 - aqt.installer - DEBUG - installer 16864 Download URL: https://mirrors.ocf.berkeley.edu/qt/online/qtsdkrepository/windows_x86/desktop/qt6_682/qt6_682/qt.qt6.682.win64_mingw/6.8.2-0-202501260838qttranslations-Windows-Windows_10_22H2-Mingw-Windows-Windows_10_22H2-X86_64.7z
2026-09-15 01:58:02,547 - aqt.installer - INFO - installer 16864 Finished installation of qttranslations-Windows-Windows_10_22H2-Mingw-Windows-Windows_10_22H2-X86_64.7z in 5.91375710
2026-09-15 01:58:02,598 - aqt.helper - DEBUG - helper 16864 Attempt to download checksum at https://download.qt.io/online/qtsdkrepository/windows_x86/desktop/qt6_682/qt6_682/qt.qt6.682.win64_mingw/6.8.2-0-202501260838MinGW-w64-x86_64-13.1.0-release-posix-seh-msvcrt-rt_v11-rev1-runtime.7z.sha256
2026-09-15 01:58:04,173 - aqt.installer - INFO - installer 15244 Finished installation of qttools-Windows-Windows_10_22H2-Mingw-Windows-Windows_10_22H2-X86_64.7z in 11.54581140
2026-09-15 01:58:04,216 - aqt.helper - DEBUG - helper 15244 Attempt to download checksum at https://download.qt.io/online/qtsdkrepository/windows_x86/desktop/qt6_682/qt6_682/qt.qt6.682.win64_mingw/6.8.2-0-202501260838d3dcompiler_47-x64.7z.sha256
2026-09-15 01:58:04,458 - aqt.helper - INFO - helper 16864 Downloading MinGW...
2026-09-15 01:58:04,458 - aqt.installer - DEBUG - installer 16864 Download URL: https://mirrors.ocf.berkeley.edu/qt/online/qtsdkrepository/windows_x86/desktop/qt6_682/qt6_682/qt.qt6.682.win64_mingw/6.8.2-0-202501260838MinGW-w64-x86_64-13.1.0-release-posix-seh-msvcrt-rt_v11-rev1-runtime.7z
2026-09-15 01:58:05,899 - aqt.helper - INFO - helper 15244 Downloading d3dcompiler_47...
2026-09-15 01:58:05,899 - aqt.installer - DEBUG - installer 15244 Download URL: https://mirrors.ocf.berkeley.edu/qt/online/qtsdkrepository/windows_x86/desktop/qt6_682/qt6_682/qt.qt6.682.win64_mingw/6.8.2-0-202501260838d3dcompiler_47-x64.7z
2026-09-15 01:58:05,927 - aqt.installer - INFO - installer 16864 Finished installation of MinGW-w64-x86_64-13.1.0-release-posix-seh-msvcrt-rt_v11-rev1-runtime.7z in 3.33918080
2026-09-15 01:58:06,012 - aqt.helper - DEBUG - helper 16864 Attempt to download checksum at https://download.qt.io/online/qtsdkrepository/windows_x86/desktop/qt6_682/qt6_682/qt.qt6.682.win64_mingw/6.8.2-0-202501260838opengl32sw-64-mesa_11_2_2-signed_sha256.7z.sha256
2026-09-15 01:58:07,387 - aqt.helper - INFO - helper 16864 Downloading opengl32sw...
2026-09-15 01:58:07,387 - aqt.installer - DEBUG - installer 16864 Download URL: https://mirrors.ocf.berkeley.edu/qt/online/qtsdkrepository/windows_x86/desktop/qt6_682/qt6_682/qt.qt6.682.win64_mingw/6.8.2-0-202501260838opengl32sw-64-mesa_11_2_2-signed_sha256.7z
2026-09-15 01:58:07,727 - aqt.installer - INFO - installer 15244 Finished installation of d3dcompiler_47-x64.7z in 3.51796890
2026-09-15 01:58:09,567 - aqt.installer - INFO - installer 16864 Finished installation of opengl32sw-64-mesa_11_2_2-signed_sha256.7z in 3.56663860
2026-09-15 01:58:31,854 - aqt.installer - INFO - installer 10648 Finished installation of qtbase-Windows-Windows_10_22H2-Mingw-Windows-Windows_10_22H2-X86_64.7z in 39.29395490
2026-09-15 01:58:50,113 - aqt.installer - INFO - installer 20072 Finished installation of qtdeclarative-Windows-Windows_10_22H2-Mingw-Windows-Windows_10_22H2-X86_64.7z in 57.51852460
2026-09-15 01:58:50,734 - aqt.updater - INFO - updater 18056 Patching C:\Qt\6.8.2\mingw_64\bin\qmake.exe
2026-09-15 01:58:50,743 - aqt.updater - INFO - updater 18056 Patching C:\Qt\6.8.2\mingw_64\lib\pkgconfig\Qt6Concurrent.pc
2026-09-15 01:58:50,759 - aqt.updater - INFO - updater 18056 Patching C:\Qt\6.8.2\mingw_64\lib\pkgconfig\Qt6Core.pc
2026-09-15 01:58:50,772 - aqt.updater - INFO - updater 18056 Patching C:\Qt\6.8.2\mingw_64\lib\pkgconfig\Qt6DBus.pc
2026-09-15 01:58:50,788 - aqt.updater - INFO - updater 18056 Patching C:\Qt\6.8.2\mingw_64\lib\pkgconfig\Qt6Designer.pc
2026-09-15 01:58:50,808 - aqt.updater - INFO - updater 18056 Patching C:\Qt\6.8.2\mingw_64\lib\pkgconfig\Qt6Gui.pc
2026-09-15 01:58:50,824 - aqt.updater - INFO - updater 18056 Patching C:\Qt\6.8.2\mingw_64\lib\pkgconfig\Qt6Help.pc
2026-09-15 01:58:50,843 - aqt.updater - INFO - updater 18056 Patching C:\Qt\6.8.2\mingw_64\lib\pkgconfig\Qt6LabsAnimation.pc
2026-09-15 01:58:50,861 - aqt.updater - INFO - updater 18056 Patching C:\Qt\6.8.2\mingw_64\lib\pkgconfig\Qt6LabsFolderListModel.pc
2026-09-15 01:58:50,880 - aqt.updater - INFO - updater 18056 Patching C:\Qt\6.8.2\mingw_64\lib\pkgconfig\Qt6LabsPlatform.pc
2026-09-15 01:58:50,892 - aqt.updater - INFO - updater 18056 Patching C:\Qt\6.8.2\mingw_64\lib\pkgconfig\Qt6LabsQmlModels.pc
2026-09-15 01:58:50,906 - aqt.updater - INFO - updater 18056 Patching C:\Qt\6.8.2\mingw_64\lib\pkgconfig\Qt6LabsSettings.pc
2026-09-15 01:58:50,920 - aqt.updater - INFO - updater 18056 Patching C:\Qt\6.8.2\mingw_64\lib\pkgconfig\Qt6LabsSharedImage.pc
2026-09-15 01:58:50,935 - aqt.updater - INFO - updater 18056 Patching C:\Qt\6.8.2\mingw_64\lib\pkgconfig\Qt6LabsWavefrontMesh.pc
2026-09-15 01:58:50,948 - aqt.updater - INFO - updater 18056 Patching C:\Qt\6.8.2\mingw_64\lib\pkgconfig\Qt6Linguist.pc
2026-09-15 01:58:50,968 - aqt.updater - INFO - updater 18056 Patching C:\Qt\6.8.2\mingw_64\lib\pkgconfig\Qt6Network.pc
2026-09-15 01:58:50,983 - aqt.updater - INFO - updater 18056 Patching C:\Qt\6.8.2\mingw_64\lib\pkgconfig\Qt6OpenGL.pc
2026-09-15 01:58:51,001 - aqt.updater - INFO - updater 18056 Patching C:\Qt\6.8.2\mingw_64\lib\pkgconfig\Qt6OpenGLWidgets.pc
2026-09-15 01:58:51,014 - aqt.updater - INFO - updater 18056 Patching C:\Qt\6.8.2\mingw_64\lib\pkgconfig\Qt6Platform.pc
2026-09-15 01:58:51,027 - aqt.updater - INFO - updater 18056 Patching C:\Qt\6.8.2\mingw_64\lib\pkgconfig\Qt6PrintSupport.pc
2026-09-15 01:58:51,042 - aqt.updater - INFO - updater 18056 Patching C:\Qt\6.8.2\mingw_64\lib\pkgconfig\Qt6Qml.pc
2026-09-15 01:58:51,058 - aqt.updater - INFO - updater 18056 Patching C:\Qt\6.8.2\mingw_64\lib\pkgconfig\Qt6QmlAssetDownloader.pc
2026-09-15 01:58:51,075 - aqt.updater - INFO - updater 18056 Patching C:\Qt\6.8.2\mingw_64\lib\pkgconfig\Qt6QmlCompiler.pc
2026-09-15 01:58:51,098 - aqt.updater - INFO - updater 18056 Patching C:\Qt\6.8.2\mingw_64\lib\pkgconfig\Qt6QmlCore.pc
2026-09-15 01:58:51,117 - aqt.updater - INFO - updater 18056 Patching C:\Qt\6.8.2\mingw_64\lib\pkgconfig\Qt6QmlIntegration.pc
2026-09-15 01:58:51,135 - aqt.updater - INFO - updater 18056 Patching C:\Qt\6.8.2\mingw_64\lib\pkgconfig\Qt6QmlLocalStorage.pc
2026-09-15 01:58:51,148 - aqt.updater - INFO - updater 18056 Patching C:\Qt\6.8.2\mingw_64\lib\pkgconfig\Qt6QmlMeta.pc
2026-09-15 01:58:51,162 - aqt.updater - INFO - updater 18056 Patching C:\Qt\6.8.2\mingw_64\lib\pkgconfig\Qt6QmlModels.pc
2026-09-15 01:58:51,183 - aqt.updater - INFO - updater 18056 Patching C:\Qt\6.8.2\mingw_64\lib\pkgconfig\Qt6QmlNetwork.pc
2026-09-15 01:58:51,198 - aqt.updater - INFO - updater 18056 Patching C:\Qt\6.8.2\mingw_64\lib\pkgconfig\Qt6QmlWorkerScript.pc
2026-09-15 01:58:51,217 - aqt.updater - INFO - updater 18056 Patching C:\Qt\6.8.2\mingw_64\lib\pkgconfig\Qt6QmlXmlListModel.pc
2026-09-15 01:58:51,232 - aqt.updater - INFO - updater 18056 Patching C:\Qt\6.8.2\mingw_64\lib\pkgconfig\Qt6Quick.pc
2026-09-15 01:58:51,248 - aqt.updater - INFO - updater 18056 Patching C:\Qt\6.8.2\mingw_64\lib\pkgconfig\Qt6QuickControls2.pc
2026-09-15 01:58:51,388 - aqt.updater - INFO - updater 18056 Patching C:\Qt\6.8.2\mingw_64\lib\pkgconfig\Qt6QuickControls2Basic.pc
2026-09-15 01:58:51,424 - aqt.updater - INFO - updater 18056 Patching C:\Qt\6.8.2\mingw_64\lib\pkgconfig\Qt6QuickControls2BasicStyleImpl.pc
2026-09-15 01:58:51,453 - aqt.updater - INFO - updater 18056 Patching C:\Qt\6.8.2\mingw_64\lib\pkgconfig\Qt6QuickControls2FluentWinUI3StyleImpl.pc
2026-09-15 01:58:51,492 - aqt.updater - INFO - updater 18056 Patching C:\Qt\6.8.2\mingw_64\lib\pkgconfig\Qt6QuickControls2Fusion.pc
2026-09-15 01:58:51,508 - aqt.updater - INFO - updater 18056 Patching C:\Qt\6.8.2\mingw_64\lib\pkgconfig\Qt6QuickControls2FusionStyleImpl.pc
2026-09-15 01:58:51,522 - aqt.updater - INFO - updater 18056 Patching C:\Qt\6.8.2\mingw_64\lib\pkgconfig\Qt6QuickControls2Imagine.pc
2026-09-15 01:58:51,539 - aqt.updater - INFO - updater 18056 Patching C:\Qt\6.8.2\mingw_64\lib\pkgconfig\Qt6QuickControls2ImagineStyleImpl.pc
2026-09-15 01:58:51,561 - aqt.updater - INFO - updater 18056 Patching C:\Qt\6.8.2\mingw_64\lib\pkgconfig\Qt6QuickControls2Impl.pc
2026-09-15 01:58:51,585 - aqt.updater - INFO - updater 18056 Patching C:\Qt\6.8.2\mingw_64\lib\pkgconfig\Qt6QuickControls2Material.pc
2026-09-15 01:58:51,615 - aqt.updater - INFO - updater 18056 Patching C:\Qt\6.8.2\mingw_64\lib\pkgconfig\Qt6QuickControls2MaterialStyleImpl.pc
2026-09-15 01:58:51,632 - aqt.updater - INFO - updater 18056 Patching C:\Qt\6.8.2\mingw_64\lib\pkgconfig\Qt6QuickControls2Universal.pc
2026-09-15 01:58:51,649 - aqt.updater - INFO - updater 18056 Patching C:\Qt\6.8.2\mingw_64\lib\pkgconfig\Qt6QuickControls2UniversalStyleImpl.pc
2026-09-15 01:58:51,663 - aqt.updater - INFO - updater 18056 Patching C:\Qt\6.8.2\mingw_64\lib\pkgconfig\Qt6QuickControls2WindowsStyleImpl.pc
2026-09-15 01:58:51,678 - aqt.updater - INFO - updater 18056 Patching C:\Qt\6.8.2\mingw_64\lib\pkgconfig\Qt6QuickDialogs2.pc
2026-09-15 01:58:51,691 - aqt.updater - INFO - updater 18056 Patching C:\Qt\6.8.2\mingw_64\lib\pkgconfig\Qt6QuickDialogs2QuickImpl.pc
2026-09-15 01:58:51,704 - aqt.updater - INFO - updater 18056 Patching C:\Qt\6.8.2\mingw_64\lib\pkgconfig\Qt6QuickDialogs2Utils.pc
2026-09-15 01:58:51,719 - aqt.updater - INFO - updater 18056 Patching C:\Qt\6.8.2\mingw_64\lib\pkgconfig\Qt6QuickLayouts.pc
2026-09-15 01:58:51,730 - aqt.updater - INFO - updater 18056 Patching C:\Qt\6.8.2\mingw_64\lib\pkgconfig\Qt6QuickTemplates2.pc
2026-09-15 01:58:51,746 - aqt.updater - INFO - updater 18056 Patching C:\Qt\6.8.2\mingw_64\lib\pkgconfig\Qt6QuickTest.pc
2026-09-15 01:58:51,760 - aqt.updater - INFO - updater 18056 Patching C:\Qt\6.8.2\mingw_64\lib\pkgconfig\Qt6QuickVectorImage.pc
2026-09-15 01:58:51,788 - aqt.updater - INFO - updater 18056 Patching C:\Qt\6.8.2\mingw_64\lib\pkgconfig\Qt6QuickWidgets.pc
2026-09-15 01:58:51,820 - aqt.updater - INFO - updater 18056 Patching C:\Qt\6.8.2\mingw_64\lib\pkgconfig\Qt6Sql.pc
2026-09-15 01:58:51,865 - aqt.updater - INFO - updater 18056 Patching C:\Qt\6.8.2\mingw_64\lib\pkgconfig\Qt6Svg.pc
2026-09-15 01:58:51,918 - aqt.updater - INFO - updater 18056 Patching C:\Qt\6.8.2\mingw_64\lib\pkgconfig\Qt6SvgWidgets.pc
2026-09-15 01:58:51,942 - aqt.updater - INFO - updater 18056 Patching C:\Qt\6.8.2\mingw_64\lib\pkgconfig\Qt6Test.pc
2026-09-15 01:58:51,969 - aqt.updater - INFO - updater 18056 Patching C:\Qt\6.8.2\mingw_64\lib\pkgconfig\Qt6UiPlugin.pc
2026-09-15 01:58:51,991 - aqt.updater - INFO - updater 18056 Patching C:\Qt\6.8.2\mingw_64\lib\pkgconfig\Qt6UiTools.pc
2026-09-15 01:58:52,013 - aqt.updater - INFO - updater 18056 Patching C:\Qt\6.8.2\mingw_64\lib\pkgconfig\Qt6Widgets.pc
2026-09-15 01:58:52,037 - aqt.updater - INFO - updater 18056 Patching C:\Qt\6.8.2\mingw_64\lib\pkgconfig\Qt6Xml.pc
2026-09-15 01:58:52,058 - aqt.updater - INFO - updater 18056 Patching C:\Qt\6.8.2\mingw_64\lib\Qt6Concurrent.prl
2026-09-15 01:58:52,078 - aqt.updater - INFO - updater 18056 Patching C:\Qt\6.8.2\mingw_64\lib\Qt6Core.prl
2026-09-15 01:58:52,110 - aqt.updater - INFO - updater 18056 Patching C:\Qt\6.8.2\mingw_64\lib\Qt6DBus.prl
2026-09-15 01:58:52,146 - aqt.updater - INFO - updater 18056 Patching C:\Qt\6.8.2\mingw_64\lib\Qt6Designer.prl
2026-09-15 01:58:52,165 - aqt.updater - INFO - updater 18056 Patching C:\Qt\6.8.2\mingw_64\lib\Qt6DesignerComponents.prl
2026-09-15 01:58:52,185 - aqt.updater - INFO - updater 18056 Patching C:\Qt\6.8.2\mingw_64\lib\Qt6DeviceDiscoverySupport.prl
2026-09-15 01:58:52,199 - aqt.updater - INFO - updater 18056 Patching C:\Qt\6.8.2\mingw_64\lib\Qt6EntryPoint.prl
2026-09-15 01:58:52,219 - aqt.updater - INFO - updater 18056 Patching C:\Qt\6.8.2\mingw_64\lib\Qt6ExampleIcons.prl
2026-09-15 01:58:52,237 - aqt.updater - INFO - updater 18056 Patching C:\Qt\6.8.2\mingw_64\lib\Qt6ExamplesAssetDownloader.prl
2026-09-15 01:58:52,251 - aqt.updater - INFO - updater 18056 Patching C:\Qt\6.8.2\mingw_64\lib\Qt6FbSupport.prl
2026-09-15 01:58:52,265 - aqt.updater - INFO - updater 18056 Patching C:\Qt\6.8.2\mingw_64\lib\Qt6Gui.prl
2026-09-15 01:58:52,281 - aqt.updater - INFO - updater 18056 Patching C:\Qt\6.8.2\mingw_64\lib\Qt6Help.prl
2026-09-15 01:58:52,299 - aqt.updater - INFO - updater 18056 Patching C:\Qt\6.8.2\mingw_64\lib\Qt6LabsAnimation.prl
2026-09-15 01:58:52,311 - aqt.updater - INFO - updater 18056 Patching C:\Qt\6.8.2\mingw_64\lib\Qt6LabsFolderListModel.prl
2026-09-15 01:58:52,323 - aqt.updater - INFO - updater 18056 Patching C:\Qt\6.8.2\mingw_64\lib\Qt6LabsPlatform.prl
2026-09-15 01:58:52,334 - aqt.updater - INFO - updater 18056 Patching C:\Qt\6.8.2\mingw_64\lib\Qt6LabsQmlModels.prl
2026-09-15 01:58:52,348 - aqt.updater - INFO - updater 18056 Patching C:\Qt\6.8.2\mingw_64\lib\Qt6LabsSettings.prl
2026-09-15 01:58:52,359 - aqt.updater - INFO - updater 18056 Patching C:\Qt\6.8.2\mingw_64\lib\Qt6LabsSharedImage.prl
2026-09-15 01:58:52,370 - aqt.updater - INFO - updater 18056 Patching C:\Qt\6.8.2\mingw_64\lib\Qt6LabsWavefrontMesh.prl
2026-09-15 01:58:52,385 - aqt.updater - INFO - updater 18056 Patching C:\Qt\6.8.2\mingw_64\lib\Qt6Network.prl
2026-09-15 01:58:52,397 - aqt.updater - INFO - updater 18056 Patching C:\Qt\6.8.2\mingw_64\lib\Qt6OpenGL.prl
2026-09-15 01:58:52,406 - aqt.updater - INFO - updater 18056 Patching C:\Qt\6.8.2\mingw_64\lib\Qt6OpenGLWidgets.prl
2026-09-15 01:58:52,418 - aqt.updater - INFO - updater 18056 Patching C:\Qt\6.8.2\mingw_64\lib\Qt6PacketProtocol.prl
2026-09-15 01:58:52,430 - aqt.updater - INFO - updater 18056 Patching C:\Qt\6.8.2\mingw_64\lib\Qt6PrintSupport.prl
2026-09-15 01:58:52,443 - aqt.updater - INFO - updater 18056 Patching C:\Qt\6.8.2\mingw_64\lib\Qt6Qml.prl
2026-09-15 01:58:52,454 - aqt.updater - INFO - updater 18056 Patching C:\Qt\6.8.2\mingw_64\lib\Qt6QmlAssetDownloader.prl
2026-09-15 01:58:52,468 - aqt.updater - INFO - updater 18056 Patching C:\Qt\6.8.2\mingw_64\lib\Qt6QmlCompiler.prl
2026-09-15 01:58:52,480 - aqt.updater - INFO - updater 18056 Patching C:\Qt\6.8.2\mingw_64\lib\Qt6QmlCore.prl
2026-09-15 01:58:52,490 - aqt.updater - INFO - updater 18056 Patching C:\Qt\6.8.2\mingw_64\lib\Qt6QmlDebug.prl
2026-09-15 01:58:52,506 - aqt.updater - INFO - updater 18056 Patching C:\Qt\6.8.2\mingw_64\lib\Qt6QmlDom.prl
2026-09-15 01:58:52,520 - aqt.updater - INFO - updater 18056 Patching C:\Qt\6.8.2\mingw_64\lib\Qt6QmlLocalStorage.prl
2026-09-15 01:58:52,533 - aqt.updater - INFO - updater 18056 Patching C:\Qt\6.8.2\mingw_64\lib\Qt6QmlLS.prl
2026-09-15 01:58:52,552 - aqt.updater - INFO - updater 18056 Patching C:\Qt\6.8.2\mingw_64\lib\Qt6QmlMeta.prl
2026-09-15 01:58:52,569 - aqt.updater - INFO - updater 18056 Patching C:\Qt\6.8.2\mingw_64\lib\Qt6QmlModels.prl
2026-09-15 01:58:52,583 - aqt.updater - INFO - updater 18056 Patching C:\Qt\6.8.2\mingw_64\lib\Qt6QmlNetwork.prl
2026-09-15 01:58:52,596 - aqt.updater - INFO - updater 18056 Patching C:\Qt\6.8.2\mingw_64\lib\Qt6QmlToolingSettings.prl
2026-09-15 01:58:52,610 - aqt.updater - INFO - updater 18056 Patching C:\Qt\6.8.2\mingw_64\lib\Qt6QmlTypeRegistrar.prl
2026-09-15 01:58:52,622 - aqt.updater - INFO - updater 18056 Patching C:\Qt\6.8.2\mingw_64\lib\Qt6QmlWorkerScript.prl
2026-09-15 01:58:52,634 - aqt.updater - INFO - updater 18056 Patching C:\Qt\6.8.2\mingw_64\lib\Qt6QmlXmlListModel.prl
2026-09-15 01:58:52,646 - aqt.updater - INFO - updater 18056 Patching C:\Qt\6.8.2\mingw_64\lib\Qt6Quick.prl
2026-09-15 01:58:52,656 - aqt.updater - INFO - updater 18056 Patching C:\Qt\6.8.2\mingw_64\lib\Qt6QuickControls2.prl
2026-09-15 01:58:52,667 - aqt.updater - INFO - updater 18056 Patching C:\Qt\6.8.2\mingw_64\lib\Qt6QuickControls2Basic.prl
2026-09-15 01:58:52,679 - aqt.updater - INFO - updater 18056 Patching C:\Qt\6.8.2\mingw_64\lib\Qt6QuickControls2BasicStyleImpl.prl
2026-09-15 01:58:52,690 - aqt.updater - INFO - updater 18056 Patching C:\Qt\6.8.2\mingw_64\lib\Qt6QuickControls2FluentWinUI3StyleImpl.prl
2026-09-15 01:58:52,701 - aqt.updater - INFO - updater 18056 Patching C:\Qt\6.8.2\mingw_64\lib\Qt6QuickControls2Fusion.prl
2026-09-15 01:58:52,713 - aqt.updater - INFO - updater 18056 Patching C:\Qt\6.8.2\mingw_64\lib\Qt6QuickControls2FusionStyleImpl.prl
2026-09-15 01:58:52,724 - aqt.updater - INFO - updater 18056 Patching C:\Qt\6.8.2\mingw_64\lib\Qt6QuickControls2Imagine.prl
2026-09-15 01:58:52,739 - aqt.updater - INFO - updater 18056 Patching C:\Qt\6.8.2\mingw_64\lib\Qt6QuickControls2ImagineStyleImpl.prl
2026-09-15 01:58:52,750 - aqt.updater - INFO - updater 18056 Patching C:\Qt\6.8.2\mingw_64\lib\Qt6QuickControls2Impl.prl
2026-09-15 01:58:52,760 - aqt.updater - INFO - updater 18056 Patching C:\Qt\6.8.2\mingw_64\lib\Qt6QuickControls2Material.prl
2026-09-15 01:58:52,772 - aqt.updater - INFO - updater 18056 Patching C:\Qt\6.8.2\mingw_64\lib\Qt6QuickControls2MaterialStyleImpl.prl
2026-09-15 01:58:52,782 - aqt.updater - INFO - updater 18056 Patching C:\Qt\6.8.2\mingw_64\lib\Qt6QuickControls2Universal.prl
2026-09-15 01:58:52,796 - aqt.updater - INFO - updater 18056 Patching C:\Qt\6.8.2\mingw_64\lib\Qt6QuickControls2UniversalStyleImpl.prl
2026-09-15 01:58:52,811 - aqt.updater - INFO - updater 18056 Patching C:\Qt\6.8.2\mingw_64\lib\Qt6QuickControls2WindowsStyleImpl.prl
2026-09-15 01:58:52,827 - aqt.updater - INFO - updater 18056 Patching C:\Qt\6.8.2\mingw_64\lib\Qt6QuickControlsTestUtils.prl
2026-09-15 01:58:52,845 - aqt.updater - INFO - updater 18056 Patching C:\Qt\6.8.2\mingw_64\lib\Qt6QuickDialogs2.prl
2026-09-15 01:58:52,860 - aqt.updater - INFO - updater 18056 Patching C:\Qt\6.8.2\mingw_64\lib\Qt6QuickDialogs2QuickImpl.prl
2026-09-15 01:58:52,871 - aqt.updater - INFO - updater 18056 Patching C:\Qt\6.8.2\mingw_64\lib\Qt6QuickDialogs2Utils.prl
2026-09-15 01:58:52,880 - aqt.updater - INFO - updater 18056 Patching C:\Qt\6.8.2\mingw_64\lib\Qt6QuickEffects.prl
2026-09-15 01:58:52,893 - aqt.updater - INFO - updater 18056 Patching C:\Qt\6.8.2\mingw_64\lib\Qt6QuickLayouts.prl
2026-09-15 01:58:52,903 - aqt.updater - INFO - updater 18056 Patching C:\Qt\6.8.2\mingw_64\lib\Qt6QuickParticles.prl
2026-09-15 01:58:52,914 - aqt.updater - INFO - updater 18056 Patching C:\Qt\6.8.2\mingw_64\lib\Qt6QuickShapes.prl
2026-09-15 01:58:52,924 - aqt.updater - INFO - updater 18056 Patching C:\Qt\6.8.2\mingw_64\lib\Qt6QuickTemplates2.prl
2026-09-15 01:58:52,941 - aqt.updater - INFO - updater 18056 Patching C:\Qt\6.8.2\mingw_64\lib\Qt6QuickTest.prl
2026-09-15 01:58:52,954 - aqt.updater - INFO - updater 18056 Patching C:\Qt\6.8.2\mingw_64\lib\Qt6QuickTestUtils.prl
2026-09-15 01:58:52,967 - aqt.updater - INFO - updater 18056 Patching C:\Qt\6.8.2\mingw_64\lib\Qt6QuickVectorImage.prl
2026-09-15 01:58:52,981 - aqt.updater - INFO - updater 18056 Patching C:\Qt\6.8.2\mingw_64\lib\Qt6QuickVectorImageGenerator.prl
2026-09-15 01:58:52,996 - aqt.updater - INFO - updater 18056 Patching C:\Qt\6.8.2\mingw_64\lib\Qt6QuickWidgets.prl
2026-09-15 01:58:53,010 - aqt.updater - INFO - updater 18056 Patching C:\Qt\6.8.2\mingw_64\lib\Qt6Sql.prl
2026-09-15 01:58:53,023 - aqt.updater - INFO - updater 18056 Patching C:\Qt\6.8.2\mingw_64\lib\Qt6Svg.prl
2026-09-15 01:58:53,036 - aqt.updater - INFO - updater 18056 Patching C:\Qt\6.8.2\mingw_64\lib\Qt6SvgWidgets.prl
2026-09-15 01:58:53,048 - aqt.updater - INFO - updater 18056 Patching C:\Qt\6.8.2\mingw_64\lib\Qt6Test.prl
2026-09-15 01:58:53,060 - aqt.updater - INFO - updater 18056 Patching C:\Qt\6.8.2\mingw_64\lib\Qt6UiTools.prl
2026-09-15 01:58:53,072 - aqt.updater - INFO - updater 18056 Patching C:\Qt\6.8.2\mingw_64\lib\Qt6Widgets.prl
2026-09-15 01:58:53,083 - aqt.updater - INFO - updater 18056 Patching C:\Qt\6.8.2\mingw_64\lib\Qt6Xml.prl
2026-09-15 01:58:53,096 - aqt.main - INFO - installer 18056 Finished installation
2026-09-15 01:58:53,097 - aqt.main - INFO - installer 18056 Time elapsed: 73.41398400 second
2026-09-15 01:59:54,773 - aqt.main - INFO - installer 26636 aqtinstall(aqt) v3.3.0 on Python 3.14.3 [CPython MSC v.1944 64 bit (AMD64)]
2026-09-15 01:59:54,775 - aqt.main - INFO - installer 26636 Found installed windows-desktop Qt at C:\Qt\6.8.2\mingw_64
2026-09-15 01:59:54,776 - aqt.helper - DEBUG - helper 26636 Attempt to download checksum at https://download.qt.io/online/qtsdkrepository/all_os/wasm/qt6_682/qt6_682_wasm_multithread/Updates.xml.sha256
2026-09-15 01:59:56,795 - aqt.helper - DEBUG - helper 26636 Attempt to download checksum at https://download.qt.io/online/qtsdkrepository/all_os/extensions/qtwebengine/682/wasm_multithread/Updates.xml.sha256
2026-09-15 01:59:57,940 - aqt.helper - DEBUG - helper 26636 Attempt to download checksum at https://download.qt.io/online/qtsdkrepository/all_os/extensions/qtwebengine/682/wasm_multithread/Updates.xml.sha256
2026-09-15 01:59:59,192 - aqt.helper - DEBUG - helper 26636 Attempt to download checksum at https://download.qt.io/online/qtsdkrepository/all_os/extensions/qtwebengine/682/wasm_multithread/Updates.xml.sha256
2026-09-15 02:00:00,418 - aqt.helper - DEBUG - helper 26636 Attempt to download checksum at https://download.qt.io/online/qtsdkrepository/all_os/extensions/qtwebengine/682/wasm_multithread/Updates.xml.sha256
2026-09-15 02:00:01,623 - aqt.helper - DEBUG - helper 26636 Attempt to download checksum at https://download.qt.io/online/qtsdkrepository/all_os/extensions/qtwebengine/682/wasm_multithread/Updates.xml.sha256
2026-09-15 02:00:02,764 - aqt.helper - DEBUG - helper 26636 Attempt to download checksum at https://download.qt.io/online/qtsdkrepository/all_os/extensions/qtpdf/682/wasm_multithread/Updates.xml.sha256
2026-09-15 02:00:03,989 - aqt.helper - DEBUG - helper 26636 Attempt to download checksum at https://download.qt.io/online/qtsdkrepository/all_os/extensions/qtpdf/682/wasm_multithread/Updates.xml.sha256
2026-09-15 02:00:05,192 - aqt.helper - DEBUG - helper 26636 Attempt to download checksum at https://download.qt.io/online/qtsdkrepository/all_os/extensions/qtpdf/682/wasm_multithread/Updates.xml.sha256
2026-09-15 02:00:06,378 - aqt.helper - DEBUG - helper 26636 Attempt to download checksum at https://download.qt.io/online/qtsdkrepository/all_os/extensions/qtpdf/682/wasm_multithread/Updates.xml.sha256
2026-09-15 02:00:07,750 - aqt.helper - DEBUG - helper 26636 Attempt to download checksum at https://download.qt.io/online/qtsdkrepository/all_os/extensions/qtpdf/682/wasm_multithread/Updates.xml.sha256
2026-09-15 02:00:11,328 - aqt.helper - DEBUG - helper 28916 Attempt to download checksum at https://download.qt.io/online/qtsdkrepository/all_os/wasm/qt6_682/qt6_682_wasm_multithread/qt.qt6.682.addons.qt5compat.wasm_multithread/6.8.2-0-202501260838qt5compat-Linux-openSUSE_15_5-GCC-Linux-WebAssembly-X86_64.7z.sha256
2026-09-15 02:00:11,356 - aqt.helper - DEBUG - helper 30308 Attempt to download checksum at https://download.qt.io/online/qtsdkrepository/all_os/wasm/qt6_682/qt6_682_wasm_multithread/qt.qt6.682.addons.qtgraphs.wasm_multithread/6.8.2-0-202501260838qtgraphs-Linux-openSUSE_15_5-GCC-Linux-WebAssembly-X86_64.7z.sha256
2026-09-15 02:00:11,388 - aqt.helper - DEBUG - helper 2416 Attempt to download checksum at https://download.qt.io/online/qtsdkrepository/all_os/wasm/qt6_682/qt6_682_wasm_multithread/qt.qt6.682.addons.qtquick3d.wasm_multithread/6.8.2-0-202501260838qtquick3d-Linux-openSUSE_15_5-GCC-Linux-WebAssembly-X86_64.7z.sha256
2026-09-15 02:00:11,389 - aqt.helper - DEBUG - helper 24912 Attempt to download checksum at https://download.qt.io/online/qtsdkrepository/all_os/wasm/qt6_682/qt6_682_wasm_multithread/qt.qt6.682.addons.qtshadertools.wasm_multithread/6.8.2-0-202501260838qtshadertools-Linux-openSUSE_15_5-GCC-Linux-WebAssembly-X86_64.7z.sha256
2026-09-15 02:00:12,810 - aqt.helper - INFO - helper 2416 Downloading qtquick3d...
2026-09-15 02:00:12,810 - aqt.installer - DEBUG - installer 2416 Download URL: https://mirrors.ocf.berkeley.edu/qt/online/qtsdkrepository/all_os/wasm/qt6_682/qt6_682_wasm_multithread/qt.qt6.682.addons.qtquick3d.wasm_multithread/6.8.2-0-202501260838qtquick3d-Linux-openSUSE_15_5-GCC-Linux-WebAssembly-X86_64.7z
2026-09-15 02:00:12,836 - aqt.helper - INFO - helper 28916 Downloading qt5compat...
2026-09-15 02:00:12,837 - aqt.installer - DEBUG - installer 28916 Download URL: https://mirrors.ocf.berkeley.edu/qt/online/qtsdkrepository/all_os/wasm/qt6_682/qt6_682_wasm_multithread/qt.qt6.682.addons.qt5compat.wasm_multithread/6.8.2-0-202501260838qt5compat-Linux-openSUSE_15_5-GCC-Linux-WebAssembly-X86_64.7z
2026-09-15 02:00:12,838 - aqt.helper - INFO - helper 24912 Downloading qtshadertools...
2026-09-15 02:00:12,838 - aqt.installer - DEBUG - installer 24912 Download URL: https://mirrors.ocf.berkeley.edu/qt/online/qtsdkrepository/all_os/wasm/qt6_682/qt6_682_wasm_multithread/qt.qt6.682.addons.qtshadertools.wasm_multithread/6.8.2-0-202501260838qtshadertools-Linux-openSUSE_15_5-GCC-Linux-WebAssembly-X86_64.7z
2026-09-15 02:00:12,842 - aqt.helper - INFO - helper 30308 Downloading qtgraphs...
2026-09-15 02:00:12,842 - aqt.installer - DEBUG - installer 30308 Download URL: https://mirrors.ocf.berkeley.edu/qt/online/qtsdkrepository/all_os/wasm/qt6_682/qt6_682_wasm_multithread/qt.qt6.682.addons.qtgraphs.wasm_multithread/6.8.2-0-202501260838qtgraphs-Linux-openSUSE_15_5-GCC-Linux-WebAssembly-X86_64.7z
2026-09-15 02:00:16,545 - aqt.installer - INFO - installer 24912 Finished installation of qtshadertools-Linux-openSUSE_15_5-GCC-Linux-WebAssembly-X86_64.7z in 5.15999140
2026-09-15 02:00:16,613 - aqt.helper - DEBUG - helper 24912 Attempt to download checksum at https://download.qt.io/online/qtsdkrepository/all_os/wasm/qt6_682/qt6_682_wasm_multithread/qt.qt6.682.wasm_multithread/6.8.2-0-202501260838qtbase-Linux-openSUSE_15_5-GCC-Linux-WebAssembly-X86_64.7z.sha256
2026-09-15 02:00:17,146 - aqt.installer - INFO - installer 28916 Finished installation of qt5compat-Linux-openSUSE_15_5-GCC-Linux-WebAssembly-X86_64.7z in 5.82795270
2026-09-15 02:00:17,236 - aqt.helper - DEBUG - helper 28916 Attempt to download checksum at https://download.qt.io/online/qtsdkrepository/all_os/wasm/qt6_682/qt6_682_wasm_multithread/qt.qt6.682.wasm_multithread/6.8.2-0-202501260838qtsvg-Linux-openSUSE_15_5-GCC-Linux-WebAssembly-X86_64.7z.sha256
2026-09-15 02:00:18,772 - aqt.helper - INFO - helper 24912 Downloading qtbase...
2026-09-15 02:00:18,773 - aqt.installer - DEBUG - installer 24912 Download URL: https://mirrors.ocf.berkeley.edu/qt/online/qtsdkrepository/all_os/wasm/qt6_682/qt6_682_wasm_multithread/qt.qt6.682.wasm_multithread/6.8.2-0-202501260838qtbase-Linux-openSUSE_15_5-GCC-Linux-WebAssembly-X86_64.7z
2026-09-15 02:00:19,040 - aqt.helper - INFO - helper 28916 Downloading qtsvg...
2026-09-15 02:00:19,040 - aqt.installer - DEBUG - installer 28916 Download URL: https://mirrors.ocf.berkeley.edu/qt/online/qtsdkrepository/all_os/wasm/qt6_682/qt6_682_wasm_multithread/qt.qt6.682.wasm_multithread/6.8.2-0-202501260838qtsvg-Linux-openSUSE_15_5-GCC-Linux-WebAssembly-X86_64.7z
2026-09-15 02:00:19,737 - aqt.installer - INFO - installer 30308 Finished installation of qtgraphs-Linux-openSUSE_15_5-GCC-Linux-WebAssembly-X86_64.7z in 8.38800750
2026-09-15 02:00:19,799 - aqt.helper - DEBUG - helper 30308 Attempt to download checksum at https://download.qt.io/online/qtsdkrepository/all_os/wasm/qt6_682/qt6_682_wasm_multithread/qt.qt6.682.wasm_multithread/6.8.2-0-202501260838qtdeclarative-Linux-openSUSE_15_5-GCC-Linux-WebAssembly-X86_64.7z.sha256
2026-09-15 02:00:21,508 - aqt.helper - INFO - helper 30308 Downloading qtdeclarative...
2026-09-15 02:00:21,508 - aqt.installer - DEBUG - installer 30308 Download URL: https://mirrors.ocf.berkeley.edu/qt/online/qtsdkrepository/all_os/wasm/qt6_682/qt6_682_wasm_multithread/qt.qt6.682.wasm_multithread/6.8.2-0-202501260838qtdeclarative-Linux-openSUSE_15_5-GCC-Linux-WebAssembly-X86_64.7z
2026-09-15 02:00:21,672 - aqt.installer - INFO - installer 28916 Finished installation of qtsvg-Linux-openSUSE_15_5-GCC-Linux-WebAssembly-X86_64.7z in 4.45438160
2026-09-15 02:00:21,713 - aqt.helper - DEBUG - helper 28916 Attempt to download checksum at https://download.qt.io/online/qtsdkrepository/all_os/wasm/qt6_682/qt6_682_wasm_multithread/qt.qt6.682.wasm_multithread/6.8.2-0-202501260838qttools-Linux-openSUSE_15_5-GCC-Linux-WebAssembly-X86_64.7z.sha256
2026-09-15 02:00:23,045 - aqt.helper - INFO - helper 28916 Downloading qttools...
2026-09-15 02:00:23,046 - aqt.installer - DEBUG - installer 28916 Download URL: https://mirrors.ocf.berkeley.edu/qt/online/qtsdkrepository/all_os/wasm/qt6_682/qt6_682_wasm_multithread/qt.qt6.682.wasm_multithread/6.8.2-0-202501260838qttools-Linux-openSUSE_15_5-GCC-Linux-WebAssembly-X86_64.7z
2026-09-15 02:00:23,749 - aqt.installer - INFO - installer 2416 Finished installation of qtquick3d-Linux-openSUSE_15_5-GCC-Linux-WebAssembly-X86_64.7z in 12.36441290
2026-09-15 02:00:23,784 - aqt.helper - DEBUG - helper 2416 Attempt to download checksum at https://download.qt.io/online/qtsdkrepository/all_os/wasm/qt6_682/qt6_682_wasm_multithread/qt.qt6.682.wasm_multithread/6.8.2-0-202501260838qttranslations-Linux-openSUSE_15_5-GCC-Linux-WebAssembly-X86_64.7z.sha256
2026-09-15 02:00:25,138 - aqt.helper - INFO - helper 2416 Downloading qttranslations...
2026-09-15 02:00:25,138 - aqt.installer - DEBUG - installer 2416 Download URL: https://mirrors.ocf.berkeley.edu/qt/online/qtsdkrepository/all_os/wasm/qt6_682/qt6_682_wasm_multithread/qt.qt6.682.wasm_multithread/6.8.2-0-202501260838qttranslations-Linux-openSUSE_15_5-GCC-Linux-WebAssembly-X86_64.7z
2026-09-15 02:00:25,911 - aqt.installer - INFO - installer 28916 Finished installation of qttools-Linux-openSUSE_15_5-GCC-Linux-WebAssembly-X86_64.7z in 4.20509630
2026-09-15 02:00:28,328 - aqt.installer - INFO - installer 2416 Finished installation of qttranslations-Linux-openSUSE_15_5-GCC-Linux-WebAssembly-X86_64.7z in 4.55060720
2026-09-15 02:00:42,554 - aqt.installer - INFO - installer 24912 Finished installation of qtbase-Linux-openSUSE_15_5-GCC-Linux-WebAssembly-X86_64.7z in 25.95283550
2026-09-15 02:00:47,268 - aqt.installer - INFO - installer 30308 Finished installation of qtdeclarative-Linux-openSUSE_15_5-GCC-Linux-WebAssembly-X86_64.7z in 27.48074210
2026-09-15 02:00:47,558 - aqt.updater - INFO - updater 26636 Patching C:\Qt\6.8.2\wasm_multithread\bin\qmake.bat
2026-09-15 02:00:47,572 - aqt.updater - INFO - updater 26636 Patching C:\Qt\6.8.2\wasm_multithread\bin\qtpaths.bat
2026-09-15 02:00:47,585 - aqt.updater - INFO - updater 26636 Patching C:\Qt\6.8.2\wasm_multithread\bin\qmake6.bat
2026-09-15 02:00:47,600 - aqt.updater - INFO - updater 26636 Patching C:\Qt\6.8.2\wasm_multithread\bin\qtpaths6.bat
2026-09-15 02:00:47,616 - aqt.updater - INFO - updater 26636 Patching C:\Qt\6.8.2\wasm_multithread\bin\target_qt.conf
2026-09-15 02:00:47,648 - aqt.main - INFO - installer 26636 Finished installation
2026-09-15 02:00:47,648 - aqt.main - INFO - installer 26636 Time elapsed: 52.87474050 second
2026-09-15 02:01:29,422 - aqt.main - INFO - installer 31520 aqtinstall(aqt) v3.3.0 on Python 3.14.3 [CPython MSC v.1944 64 bit (AMD64)]
2026-09-15 02:01:29,423 - aqt.helper - DEBUG - helper 31520 Attempt to download checksum at https://download.qt.io/online/qtsdkrepository/windows_x86/desktop/qt6_682/qt6_682/Updates.xml.sha256
2026-09-15 02:01:31,418 - aqt.helper - DEBUG - helper 31520 Attempt to download checksum at https://download.qt.io/online/qtsdkrepository/windows_x86/extensions/qtwebengine/682/mingw/Updates.xml.sha256
2026-09-15 02:01:32,582 - aqt.helper - DEBUG - helper 31520 Attempt to download checksum at https://download.qt.io/online/qtsdkrepository/windows_x86/extensions/qtwebengine/682/mingw/Updates.xml.sha256
2026-09-15 02:01:33,737 - aqt.helper - DEBUG - helper 31520 Attempt to download checksum at https://download.qt.io/online/qtsdkrepository/windows_x86/extensions/qtwebengine/682/mingw/Updates.xml.sha256
2026-09-15 02:01:34,927 - aqt.helper - DEBUG - helper 31520 Attempt to download checksum at https://download.qt.io/online/qtsdkrepository/windows_x86/extensions/qtwebengine/682/mingw/Updates.xml.sha256
2026-09-15 02:01:36,143 - aqt.helper - DEBUG - helper 31520 Attempt to download checksum at https://download.qt.io/online/qtsdkrepository/windows_x86/extensions/qtwebengine/682/mingw/Updates.xml.sha256
2026-09-15 02:01:37,234 - aqt.helper - DEBUG - helper 31520 Attempt to download checksum at https://download.qt.io/online/qtsdkrepository/windows_x86/extensions/qtpdf/682/mingw/Updates.xml.sha256
2026-09-15 02:01:39,020 - aqt.archives - INFO - archives 31520 Found extension qtpdf
2026-09-15 02:01:41,453 - aqt.helper - DEBUG - helper 21372 Attempt to download checksum at https://download.qt.io/online/qtsdkrepository/windows_x86/desktop/qt6_682/qt6_682/qt.qt6.682.addons.qtshadertools.win64_mingw/6.8.2-0-202501260838qtshadertools-Windows-Windows_10_22H2-Mingw-Windows-Windows_10_22H2-X86_64.7z.sha256
2026-09-15 02:01:41,461 - aqt.helper - DEBUG - helper 23156 Attempt to download checksum at https://download.qt.io/online/qtsdkrepository/windows_x86/desktop/qt6_682/qt6_682/qt.qt6.682.addons.qtquick3d.win64_mingw/6.8.2-0-202501260838qtquick3d-Windows-Windows_10_22H2-Mingw-Windows-Windows_10_22H2-X86_64.7z.sha256
2026-09-15 02:01:41,484 - aqt.helper - DEBUG - helper 32640 Attempt to download checksum at https://download.qt.io/online/qtsdkrepository/windows_x86/desktop/qt6_682/qt6_682/qt.qt6.682.win64_mingw/6.8.2-0-202501260838qtbase-Windows-Windows_10_22H2-Mingw-Windows-Windows_10_22H2-X86_64.7z.sha256
2026-09-15 02:01:41,555 - aqt.helper - DEBUG - helper 27912 Attempt to download checksum at https://download.qt.io/online/qtsdkrepository/windows_x86/desktop/qt6_682/qt6_682/qt.qt6.682.win64_mingw/6.8.2-0-202501260838qtsvg-Windows-Windows_10_22H2-Mingw-Windows-Windows_10_22H2-X86_64.7z.sha256
2026-09-15 02:01:42,832 - aqt.helper - INFO - helper 32640 Downloading qtbase...
2026-09-15 02:01:42,833 - aqt.installer - DEBUG - installer 32640 Download URL: https://mirrors.ocf.berkeley.edu/qt/online/qtsdkrepository/windows_x86/desktop/qt6_682/qt6_682/qt.qt6.682.win64_mingw/6.8.2-0-202501260838qtbase-Windows-Windows_10_22H2-Mingw-Windows-Windows_10_22H2-X86_64.7z
2026-09-15 02:01:42,855 - aqt.helper - INFO - helper 21372 Downloading qtshadertools...
2026-09-15 02:01:42,856 - aqt.installer - DEBUG - installer 21372 Download URL: https://mirrors.ocf.berkeley.edu/qt/online/qtsdkrepository/windows_x86/desktop/qt6_682/qt6_682/qt.qt6.682.addons.qtshadertools.win64_mingw/6.8.2-0-202501260838qtshadertools-Windows-Windows_10_22H2-Mingw-Windows-Windows_10_22H2-X86_64.7z
2026-09-15 02:01:42,881 - aqt.helper - INFO - helper 23156 Downloading qtquick3d...
2026-09-15 02:01:42,882 - aqt.installer - DEBUG - installer 23156 Download URL: https://mirrors.ocf.berkeley.edu/qt/online/qtsdkrepository/windows_x86/desktop/qt6_682/qt6_682/qt.qt6.682.addons.qtquick3d.win64_mingw/6.8.2-0-202501260838qtquick3d-Windows-Windows_10_22H2-Mingw-Windows-Windows_10_22H2-X86_64.7z
2026-09-15 02:01:42,922 - aqt.helper - INFO - helper 27912 Downloading qtsvg...
2026-09-15 02:01:42,922 - aqt.installer - DEBUG - installer 27912 Download URL: https://mirrors.ocf.berkeley.edu/qt/online/qtsdkrepository/windows_x86/desktop/qt6_682/qt6_682/qt.qt6.682.win64_mingw/6.8.2-0-202501260838qtsvg-Windows-Windows_10_22H2-Mingw-Windows-Windows_10_22H2-X86_64.7z
2026-09-15 02:01:44,374 - aqt.installer - INFO - installer 27912 Finished installation of qtsvg-Windows-Windows_10_22H2-Mingw-Windows-Windows_10_22H2-X86_64.7z in 2.82269680
2026-09-15 02:01:44,411 - aqt.helper - DEBUG - helper 27912 Attempt to download checksum at https://download.qt.io/online/qtsdkrepository/windows_x86/desktop/qt6_682/qt6_682/qt.qt6.682.win64_mingw/6.8.2-0-202501260838qtdeclarative-Windows-Windows_10_22H2-Mingw-Windows-Windows_10_22H2-X86_64.7z.sha256
2026-09-15 02:01:45,393 - aqt.installer - INFO - installer 21372 Finished installation of qtshadertools-Windows-Windows_10_22H2-Mingw-Windows-Windows_10_22H2-X86_64.7z in 3.94713110
2026-09-15 02:01:45,423 - aqt.helper - DEBUG - helper 21372 Attempt to download checksum at https://download.qt.io/online/qtsdkrepository/windows_x86/desktop/qt6_682/qt6_682/qt.qt6.682.win64_mingw/6.8.2-0-202501260838qttools-Windows-Windows_10_22H2-Mingw-Windows-Windows_10_22H2-X86_64.7z.sha256
2026-09-15 02:01:45,740 - aqt.helper - INFO - helper 27912 Downloading qtdeclarative...
2026-09-15 02:01:45,740 - aqt.installer - DEBUG - installer 27912 Download URL: https://mirrors.ocf.berkeley.edu/qt/online/qtsdkrepository/windows_x86/desktop/qt6_682/qt6_682/qt.qt6.682.win64_mingw/6.8.2-0-202501260838qtdeclarative-Windows-Windows_10_22H2-Mingw-Windows-Windows_10_22H2-X86_64.7z
2026-09-15 02:01:46,739 - aqt.helper - INFO - helper 21372 Downloading qttools...
2026-09-15 02:01:46,740 - aqt.installer - DEBUG - installer 21372 Download URL: https://mirrors.ocf.berkeley.edu/qt/online/qtsdkrepository/windows_x86/desktop/qt6_682/qt6_682/qt.qt6.682.win64_mingw/6.8.2-0-202501260838qttools-Windows-Windows_10_22H2-Mingw-Windows-Windows_10_22H2-X86_64.7z
2026-09-15 02:01:54,600 - aqt.installer - INFO - installer 21372 Finished installation of qttools-Windows-Windows_10_22H2-Mingw-Windows-Windows_10_22H2-X86_64.7z in 9.18206050
2026-09-15 02:01:54,651 - aqt.helper - DEBUG - helper 21372 Attempt to download checksum at https://download.qt.io/online/qtsdkrepository/windows_x86/desktop/qt6_682/qt6_682/qt.qt6.682.win64_mingw/6.8.2-0-202501260838qttranslations-Windows-Windows_10_22H2-Mingw-Windows-Windows_10_22H2-X86_64.7z.sha256
2026-09-15 02:01:55,999 - aqt.helper - INFO - helper 21372 Downloading qttranslations...
2026-09-15 02:01:55,999 - aqt.installer - DEBUG - installer 21372 Download URL: https://mirrors.ocf.berkeley.edu/qt/online/qtsdkrepository/windows_x86/desktop/qt6_682/qt6_682/qt.qt6.682.win64_mingw/6.8.2-0-202501260838qttranslations-Windows-Windows_10_22H2-Mingw-Windows-Windows_10_22H2-X86_64.7z
2026-09-15 02:01:56,925 - aqt.installer - INFO - installer 23156 Finished installation of qtquick3d-Windows-Windows_10_22H2-Mingw-Windows-Windows_10_22H2-X86_64.7z in 15.46988080
2026-09-15 02:01:56,970 - aqt.helper - DEBUG - helper 23156 Attempt to download checksum at https://download.qt.io/online/qtsdkrepository/windows_x86/desktop/qt6_682/qt6_682/qt.qt6.682.win64_mingw/6.8.2-0-202501260838MinGW-w64-x86_64-13.1.0-release-posix-seh-msvcrt-rt_v11-rev1-runtime.7z.sha256
2026-09-15 02:01:58,220 - aqt.helper - INFO - helper 23156 Downloading MinGW...
2026-09-15 02:01:58,220 - aqt.installer - DEBUG - installer 23156 Download URL: https://mirrors.ocf.berkeley.edu/qt/online/qtsdkrepository/windows_x86/desktop/qt6_682/qt6_682/qt.qt6.682.win64_mingw/6.8.2-0-202501260838MinGW-w64-x86_64-13.1.0-release-posix-seh-msvcrt-rt_v11-rev1-runtime.7z
2026-09-15 02:01:59,375 - aqt.installer - INFO - installer 23156 Finished installation of MinGW-w64-x86_64-13.1.0-release-posix-seh-msvcrt-rt_v11-rev1-runtime.7z in 2.41193050
2026-09-15 02:01:59,429 - aqt.helper - DEBUG - helper 23156 Attempt to download checksum at https://download.qt.io/online/qtsdkrepository/windows_x86/desktop/qt6_682/qt6_682/qt.qt6.682.win64_mingw/6.8.2-0-202501260838d3dcompiler_47-x64.7z.sha256
2026-09-15 02:01:59,951 - aqt.installer - INFO - installer 21372 Finished installation of qttranslations-Windows-Windows_10_22H2-Mingw-Windows-Windows_10_22H2-X86_64.7z in 5.30594820
2026-09-15 02:02:00,003 - aqt.helper - DEBUG - helper 21372 Attempt to download checksum at https://download.qt.io/online/qtsdkrepository/windows_x86/desktop/qt6_682/qt6_682/qt.qt6.682.win64_mingw/6.8.2-0-202501260838opengl32sw-64-mesa_11_2_2-signed_sha256.7z.sha256
2026-09-15 02:02:00,916 - aqt.helper - INFO - helper 23156 Downloading d3dcompiler_47...
2026-09-15 02:02:00,917 - aqt.installer - DEBUG - installer 23156 Download URL: https://mirrors.ocf.berkeley.edu/qt/online/qtsdkrepository/windows_x86/desktop/qt6_682/qt6_682/qt.qt6.682.win64_mingw/6.8.2-0-202501260838d3dcompiler_47-x64.7z
2026-09-15 02:02:01,644 - aqt.helper - INFO - helper 21372 Downloading opengl32sw...
2026-09-15 02:02:01,644 - aqt.installer - DEBUG - installer 21372 Download URL: https://mirrors.ocf.berkeley.edu/qt/online/qtsdkrepository/windows_x86/desktop/qt6_682/qt6_682/qt.qt6.682.win64_mingw/6.8.2-0-202501260838opengl32sw-64-mesa_11_2_2-signed_sha256.7z
2026-09-15 02:02:02,317 - aqt.installer - INFO - installer 23156 Finished installation of d3dcompiler_47-x64.7z in 2.89708380
2026-09-15 02:02:03,947 - aqt.installer - INFO - installer 21372 Finished installation of opengl32sw-64-mesa_11_2_2-signed_sha256.7z in 3.95028840
2026-09-15 02:02:09,578 - aqt.installer - INFO - installer 32640 Finished installation of qtbase-Windows-Windows_10_22H2-Mingw-Windows-Windows_10_22H2-X86_64.7z in 28.10301070
2026-09-15 02:02:26,482 - aqt.installer - INFO - installer 27912 Finished installation of qtdeclarative-Windows-Windows_10_22H2-Mingw-Windows-Windows_10_22H2-X86_64.7z in 42.07812930
2026-09-15 02:02:27,048 - aqt.updater - INFO - updater 31520 Patching C:\Qt\6.8.2\mingw_64\bin\qmake.exe
2026-09-15 02:02:27,057 - aqt.updater - INFO - updater 31520 Patching C:\Qt\6.8.2\mingw_64\lib\pkgconfig\Qt6Concurrent.pc
2026-09-15 02:02:27,062 - aqt.updater - INFO - updater 31520 Patching C:\Qt\6.8.2\mingw_64\lib\pkgconfig\Qt6Core.pc
2026-09-15 02:02:27,066 - aqt.updater - INFO - updater 31520 Patching C:\Qt\6.8.2\mingw_64\lib\pkgconfig\Qt6DBus.pc
2026-09-15 02:02:27,070 - aqt.updater - INFO - updater 31520 Patching C:\Qt\6.8.2\mingw_64\lib\pkgconfig\Qt6Designer.pc
2026-09-15 02:02:27,075 - aqt.updater - INFO - updater 31520 Patching C:\Qt\6.8.2\mingw_64\lib\pkgconfig\Qt6Gui.pc
2026-09-15 02:02:27,079 - aqt.updater - INFO - updater 31520 Patching C:\Qt\6.8.2\mingw_64\lib\pkgconfig\Qt6Help.pc
2026-09-15 02:02:27,084 - aqt.updater - INFO - updater 31520 Patching C:\Qt\6.8.2\mingw_64\lib\pkgconfig\Qt6LabsAnimation.pc
2026-09-15 02:02:27,087 - aqt.updater - INFO - updater 31520 Patching C:\Qt\6.8.2\mingw_64\lib\pkgconfig\Qt6LabsFolderListModel.pc
2026-09-15 02:02:27,091 - aqt.updater - INFO - updater 31520 Patching C:\Qt\6.8.2\mingw_64\lib\pkgconfig\Qt6LabsPlatform.pc
2026-09-15 02:02:27,095 - aqt.updater - INFO - updater 31520 Patching C:\Qt\6.8.2\mingw_64\lib\pkgconfig\Qt6LabsQmlModels.pc
2026-09-15 02:02:27,099 - aqt.updater - INFO - updater 31520 Patching C:\Qt\6.8.2\mingw_64\lib\pkgconfig\Qt6LabsSettings.pc
2026-09-15 02:02:27,104 - aqt.updater - INFO - updater 31520 Patching C:\Qt\6.8.2\mingw_64\lib\pkgconfig\Qt6LabsSharedImage.pc
2026-09-15 02:02:27,108 - aqt.updater - INFO - updater 31520 Patching C:\Qt\6.8.2\mingw_64\lib\pkgconfig\Qt6LabsWavefrontMesh.pc
2026-09-15 02:02:27,113 - aqt.updater - INFO - updater 31520 Patching C:\Qt\6.8.2\mingw_64\lib\pkgconfig\Qt6Linguist.pc
2026-09-15 02:02:27,117 - aqt.updater - INFO - updater 31520 Patching C:\Qt\6.8.2\mingw_64\lib\pkgconfig\Qt6Network.pc
2026-09-15 02:02:27,122 - aqt.updater - INFO - updater 31520 Patching C:\Qt\6.8.2\mingw_64\lib\pkgconfig\Qt6OpenGL.pc
2026-09-15 02:02:27,137 - aqt.updater - INFO - updater 31520 Patching C:\Qt\6.8.2\mingw_64\lib\pkgconfig\Qt6OpenGLWidgets.pc
2026-09-15 02:02:27,142 - aqt.updater - INFO - updater 31520 Patching C:\Qt\6.8.2\mingw_64\lib\pkgconfig\Qt6Platform.pc
2026-09-15 02:02:27,147 - aqt.updater - INFO - updater 31520 Patching C:\Qt\6.8.2\mingw_64\lib\pkgconfig\Qt6PrintSupport.pc
2026-09-15 02:02:27,151 - aqt.updater - INFO - updater 31520 Patching C:\Qt\6.8.2\mingw_64\lib\pkgconfig\Qt6Qml.pc
2026-09-15 02:02:27,156 - aqt.updater - INFO - updater 31520 Patching C:\Qt\6.8.2\mingw_64\lib\pkgconfig\Qt6QmlAssetDownloader.pc
2026-09-15 02:02:27,161 - aqt.updater - INFO - updater 31520 Patching C:\Qt\6.8.2\mingw_64\lib\pkgconfig\Qt6QmlCompiler.pc
2026-09-15 02:02:27,166 - aqt.updater - INFO - updater 31520 Patching C:\Qt\6.8.2\mingw_64\lib\pkgconfig\Qt6QmlCore.pc
2026-09-15 02:02:27,170 - aqt.updater - INFO - updater 31520 Patching C:\Qt\6.8.2\mingw_64\lib\pkgconfig\Qt6QmlIntegration.pc
2026-09-15 02:02:27,175 - aqt.updater - INFO - updater 31520 Patching C:\Qt\6.8.2\mingw_64\lib\pkgconfig\Qt6QmlLocalStorage.pc
2026-09-15 02:02:27,180 - aqt.updater - INFO - updater 31520 Patching C:\Qt\6.8.2\mingw_64\lib\pkgconfig\Qt6QmlMeta.pc
2026-09-15 02:02:27,185 - aqt.updater - INFO - updater 31520 Patching C:\Qt\6.8.2\mingw_64\lib\pkgconfig\Qt6QmlModels.pc
2026-09-15 02:02:27,189 - aqt.updater - INFO - updater 31520 Patching C:\Qt\6.8.2\mingw_64\lib\pkgconfig\Qt6QmlNetwork.pc
2026-09-15 02:02:27,193 - aqt.updater - INFO - updater 31520 Patching C:\Qt\6.8.2\mingw_64\lib\pkgconfig\Qt6QmlWorkerScript.pc
2026-09-15 02:02:27,207 - aqt.updater - INFO - updater 31520 Patching C:\Qt\6.8.2\mingw_64\lib\pkgconfig\Qt6QmlXmlListModel.pc
2026-09-15 02:02:27,211 - aqt.updater - INFO - updater 31520 Patching C:\Qt\6.8.2\mingw_64\lib\pkgconfig\Qt6Quick.pc
2026-09-15 02:02:27,216 - aqt.updater - INFO - updater 31520 Patching C:\Qt\6.8.2\mingw_64\lib\pkgconfig\Qt6Quick3D.pc
2026-09-15 02:02:27,227 - aqt.updater - INFO - updater 31520 Patching C:\Qt\6.8.2\mingw_64\lib\pkgconfig\Qt6Quick3DAssetImport.pc
2026-09-15 02:02:27,241 - aqt.updater - INFO - updater 31520 Patching C:\Qt\6.8.2\mingw_64\lib\pkgconfig\Qt6Quick3DAssetUtils.pc
2026-09-15 02:02:27,259 - aqt.updater - INFO - updater 31520 Patching C:\Qt\6.8.2\mingw_64\lib\pkgconfig\Qt6Quick3DEffects.pc
2026-09-15 02:02:27,275 - aqt.updater - INFO - updater 31520 Patching C:\Qt\6.8.2\mingw_64\lib\pkgconfig\Qt6Quick3DHelpers.pc
2026-09-15 02:02:27,290 - aqt.updater - INFO - updater 31520 Patching C:\Qt\6.8.2\mingw_64\lib\pkgconfig\Qt6Quick3DHelpersImpl.pc
2026-09-15 02:02:27,303 - aqt.updater - INFO - updater 31520 Patching C:\Qt\6.8.2\mingw_64\lib\pkgconfig\Qt6Quick3DIblBaker.pc
2026-09-15 02:02:27,316 - aqt.updater - INFO - updater 31520 Patching C:\Qt\6.8.2\mingw_64\lib\pkgconfig\Qt6Quick3DParticleEffects.pc
2026-09-15 02:02:27,330 - aqt.updater - INFO - updater 31520 Patching C:\Qt\6.8.2\mingw_64\lib\pkgconfig\Qt6Quick3DParticles.pc
2026-09-15 02:02:27,345 - aqt.updater - INFO - updater 31520 Patching C:\Qt\6.8.2\mingw_64\lib\pkgconfig\Qt6Quick3DRuntimeRender.pc
2026-09-15 02:02:27,359 - aqt.updater - INFO - updater 31520 Patching C:\Qt\6.8.2\mingw_64\lib\pkgconfig\Qt6Quick3DUtils.pc
2026-09-15 02:02:27,374 - aqt.updater - INFO - updater 31520 Patching C:\Qt\6.8.2\mingw_64\lib\pkgconfig\Qt6Quick3DXr.pc
2026-09-15 02:02:27,389 - aqt.updater - INFO - updater 31520 Patching C:\Qt\6.8.2\mingw_64\lib\pkgconfig\Qt6QuickControls2.pc
2026-09-15 02:02:27,396 - aqt.updater - INFO - updater 31520 Patching C:\Qt\6.8.2\mingw_64\lib\pkgconfig\Qt6QuickControls2Basic.pc
2026-09-15 02:02:27,405 - aqt.updater - INFO - updater 31520 Patching C:\Qt\6.8.2\mingw_64\lib\pkgconfig\Qt6QuickControls2BasicStyleImpl.pc
2026-09-15 02:02:27,411 - aqt.updater - INFO - updater 31520 Patching C:\Qt\6.8.2\mingw_64\lib\pkgconfig\Qt6QuickControls2FluentWinUI3StyleImpl.pc
2026-09-15 02:02:27,416 - aqt.updater - INFO - updater 31520 Patching C:\Qt\6.8.2\mingw_64\lib\pkgconfig\Qt6QuickControls2Fusion.pc
2026-09-15 02:02:27,423 - aqt.updater - INFO - updater 31520 Patching C:\Qt\6.8.2\mingw_64\lib\pkgconfig\Qt6QuickControls2FusionStyleImpl.pc
2026-09-15 02:02:27,429 - aqt.updater - INFO - updater 31520 Patching C:\Qt\6.8.2\mingw_64\lib\pkgconfig\Qt6QuickControls2Imagine.pc
2026-09-15 02:02:27,435 - aqt.updater - INFO - updater 31520 Patching C:\Qt\6.8.2\mingw_64\lib\pkgconfig\Qt6QuickControls2ImagineStyleImpl.pc
2026-09-15 02:02:27,439 - aqt.updater - INFO - updater 31520 Patching C:\Qt\6.8.2\mingw_64\lib\pkgconfig\Qt6QuickControls2Impl.pc
2026-09-15 02:02:27,444 - aqt.updater - INFO - updater 31520 Patching C:\Qt\6.8.2\mingw_64\lib\pkgconfig\Qt6QuickControls2Material.pc
2026-09-15 02:02:27,448 - aqt.updater - INFO - updater 31520 Patching C:\Qt\6.8.2\mingw_64\lib\pkgconfig\Qt6QuickControls2MaterialStyleImpl.pc
2026-09-15 02:02:27,452 - aqt.updater - INFO - updater 31520 Patching C:\Qt\6.8.2\mingw_64\lib\pkgconfig\Qt6QuickControls2Universal.pc
2026-09-15 02:02:27,456 - aqt.updater - INFO - updater 31520 Patching C:\Qt\6.8.2\mingw_64\lib\pkgconfig\Qt6QuickControls2UniversalStyleImpl.pc
2026-09-15 02:02:27,461 - aqt.updater - INFO - updater 31520 Patching C:\Qt\6.8.2\mingw_64\lib\pkgconfig\Qt6QuickControls2WindowsStyleImpl.pc
2026-09-15 02:02:27,465 - aqt.updater - INFO - updater 31520 Patching C:\Qt\6.8.2\mingw_64\lib\pkgconfig\Qt6QuickDialogs2.pc
2026-09-15 02:02:27,469 - aqt.updater - INFO - updater 31520 Patching C:\Qt\6.8.2\mingw_64\lib\pkgconfig\Qt6QuickDialogs2QuickImpl.pc
2026-09-15 02:02:27,474 - aqt.updater - INFO - updater 31520 Patching C:\Qt\6.8.2\mingw_64\lib\pkgconfig\Qt6QuickDialogs2Utils.pc
2026-09-15 02:02:27,478 - aqt.updater - INFO - updater 31520 Patching C:\Qt\6.8.2\mingw_64\lib\pkgconfig\Qt6QuickLayouts.pc
2026-09-15 02:02:27,482 - aqt.updater - INFO - updater 31520 Patching C:\Qt\6.8.2\mingw_64\lib\pkgconfig\Qt6QuickTemplates2.pc
2026-09-15 02:02:27,487 - aqt.updater - INFO - updater 31520 Patching C:\Qt\6.8.2\mingw_64\lib\pkgconfig\Qt6QuickTest.pc
2026-09-15 02:02:27,493 - aqt.updater - INFO - updater 31520 Patching C:\Qt\6.8.2\mingw_64\lib\pkgconfig\Qt6QuickVectorImage.pc
2026-09-15 02:02:27,524 - aqt.updater - INFO - updater 31520 Patching C:\Qt\6.8.2\mingw_64\lib\pkgconfig\Qt6QuickWidgets.pc
2026-09-15 02:02:27,539 - aqt.updater - INFO - updater 31520 Patching C:\Qt\6.8.2\mingw_64\lib\pkgconfig\Qt6ShaderTools.pc
2026-09-15 02:02:27,575 - aqt.updater - INFO - updater 31520 Patching C:\Qt\6.8.2\mingw_64\lib\pkgconfig\Qt6Sql.pc
2026-09-15 02:02:27,610 - aqt.updater - INFO - updater 31520 Patching C:\Qt\6.8.2\mingw_64\lib\pkgconfig\Qt6Svg.pc
2026-09-15 02:02:27,620 - aqt.updater - INFO - updater 31520 Patching C:\Qt\6.8.2\mingw_64\lib\pkgconfig\Qt6SvgWidgets.pc
2026-09-15 02:02:27,633 - aqt.updater - INFO - updater 31520 Patching C:\Qt\6.8.2\mingw_64\lib\pkgconfig\Qt6Test.pc
2026-09-15 02:02:27,637 - aqt.updater - INFO - updater 31520 Patching C:\Qt\6.8.2\mingw_64\lib\pkgconfig\Qt6UiPlugin.pc
2026-09-15 02:02:27,643 - aqt.updater - INFO - updater 31520 Patching C:\Qt\6.8.2\mingw_64\lib\pkgconfig\Qt6UiTools.pc
2026-09-15 02:02:27,647 - aqt.updater - INFO - updater 31520 Patching C:\Qt\6.8.2\mingw_64\lib\pkgconfig\Qt6Widgets.pc
2026-09-15 02:02:27,652 - aqt.updater - INFO - updater 31520 Patching C:\Qt\6.8.2\mingw_64\lib\pkgconfig\Qt6Xml.pc
2026-09-15 02:02:27,677 - aqt.updater - INFO - updater 31520 Patching C:\Qt\6.8.2\mingw_64\lib\Qt6Concurrent.prl
2026-09-15 02:02:27,686 - aqt.updater - INFO - updater 31520 Patching C:\Qt\6.8.2\mingw_64\lib\Qt6Core.prl
2026-09-15 02:02:27,690 - aqt.updater - INFO - updater 31520 Patching C:\Qt\6.8.2\mingw_64\lib\Qt6DBus.prl
2026-09-15 02:02:27,694 - aqt.updater - INFO - updater 31520 Patching C:\Qt\6.8.2\mingw_64\lib\Qt6Designer.prl
2026-09-15 02:02:27,698 - aqt.updater - INFO - updater 31520 Patching C:\Qt\6.8.2\mingw_64\lib\Qt6DesignerComponents.prl
2026-09-15 02:02:27,703 - aqt.updater - INFO - updater 31520 Patching C:\Qt\6.8.2\mingw_64\lib\Qt6DeviceDiscoverySupport.prl
2026-09-15 02:02:27,707 - aqt.updater - INFO - updater 31520 Patching C:\Qt\6.8.2\mingw_64\lib\Qt6EntryPoint.prl
2026-09-15 02:02:27,711 - aqt.updater - INFO - updater 31520 Patching C:\Qt\6.8.2\mingw_64\lib\Qt6ExampleIcons.prl
2026-09-15 02:02:27,716 - aqt.updater - INFO - updater 31520 Patching C:\Qt\6.8.2\mingw_64\lib\Qt6ExamplesAssetDownloader.prl
2026-09-15 02:02:27,720 - aqt.updater - INFO - updater 31520 Patching C:\Qt\6.8.2\mingw_64\lib\Qt6FbSupport.prl
2026-09-15 02:02:27,724 - aqt.updater - INFO - updater 31520 Patching C:\Qt\6.8.2\mingw_64\lib\Qt6Gui.prl
2026-09-15 02:02:27,728 - aqt.updater - INFO - updater 31520 Patching C:\Qt\6.8.2\mingw_64\lib\Qt6Help.prl
2026-09-15 02:02:27,732 - aqt.updater - INFO - updater 31520 Patching C:\Qt\6.8.2\mingw_64\lib\Qt6LabsAnimation.prl
2026-09-15 02:02:27,746 - aqt.updater - INFO - updater 31520 Patching C:\Qt\6.8.2\mingw_64\lib\Qt6LabsFolderListModel.prl
2026-09-15 02:02:27,752 - aqt.updater - INFO - updater 31520 Patching C:\Qt\6.8.2\mingw_64\lib\Qt6LabsPlatform.prl
2026-09-15 02:02:27,757 - aqt.updater - INFO - updater 31520 Patching C:\Qt\6.8.2\mingw_64\lib\Qt6LabsQmlModels.prl
2026-09-15 02:02:27,762 - aqt.updater - INFO - updater 31520 Patching C:\Qt\6.8.2\mingw_64\lib\Qt6LabsSettings.prl
2026-09-15 02:02:27,776 - aqt.updater - INFO - updater 31520 Patching C:\Qt\6.8.2\mingw_64\lib\Qt6LabsSharedImage.prl
2026-09-15 02:02:27,780 - aqt.updater - INFO - updater 31520 Patching C:\Qt\6.8.2\mingw_64\lib\Qt6LabsWavefrontMesh.prl
2026-09-15 02:02:27,787 - aqt.updater - INFO - updater 31520 Patching C:\Qt\6.8.2\mingw_64\lib\Qt6Network.prl
2026-09-15 02:02:27,796 - aqt.updater - INFO - updater 31520 Patching C:\Qt\6.8.2\mingw_64\lib\Qt6OpenGL.prl
2026-09-15 02:02:27,810 - aqt.updater - INFO - updater 31520 Patching C:\Qt\6.8.2\mingw_64\lib\Qt6OpenGLWidgets.prl
2026-09-15 02:02:27,817 - aqt.updater - INFO - updater 31520 Patching C:\Qt\6.8.2\mingw_64\lib\Qt6PacketProtocol.prl
2026-09-15 02:02:27,822 - aqt.updater - INFO - updater 31520 Patching C:\Qt\6.8.2\mingw_64\lib\Qt6PrintSupport.prl
2026-09-15 02:02:27,826 - aqt.updater - INFO - updater 31520 Patching C:\Qt\6.8.2\mingw_64\lib\Qt6Qml.prl
2026-09-15 02:02:27,835 - aqt.updater - INFO - updater 31520 Patching C:\Qt\6.8.2\mingw_64\lib\Qt6QmlAssetDownloader.prl
2026-09-15 02:02:27,843 - aqt.updater - INFO - updater 31520 Patching C:\Qt\6.8.2\mingw_64\lib\Qt6QmlCompiler.prl
2026-09-15 02:02:27,847 - aqt.updater - INFO - updater 31520 Patching C:\Qt\6.8.2\mingw_64\lib\Qt6QmlCore.prl
2026-09-15 02:02:27,851 - aqt.updater - INFO - updater 31520 Patching C:\Qt\6.8.2\mingw_64\lib\Qt6QmlDebug.prl
2026-09-15 02:02:27,856 - aqt.updater - INFO - updater 31520 Patching C:\Qt\6.8.2\mingw_64\lib\Qt6QmlDom.prl
2026-09-15 02:02:27,863 - aqt.updater - INFO - updater 31520 Patching C:\Qt\6.8.2\mingw_64\lib\Qt6QmlLocalStorage.prl
2026-09-15 02:02:27,868 - aqt.updater - INFO - updater 31520 Patching C:\Qt\6.8.2\mingw_64\lib\Qt6QmlLS.prl
2026-09-15 02:02:27,872 - aqt.updater - INFO - updater 31520 Patching C:\Qt\6.8.2\mingw_64\lib\Qt6QmlMeta.prl
2026-09-15 02:02:27,876 - aqt.updater - INFO - updater 31520 Patching C:\Qt\6.8.2\mingw_64\lib\Qt6QmlModels.prl
2026-09-15 02:02:27,881 - aqt.updater - INFO - updater 31520 Patching C:\Qt\6.8.2\mingw_64\lib\Qt6QmlNetwork.prl
2026-09-15 02:02:27,885 - aqt.updater - INFO - updater 31520 Patching C:\Qt\6.8.2\mingw_64\lib\Qt6QmlToolingSettings.prl
2026-09-15 02:02:27,890 - aqt.updater - INFO - updater 31520 Patching C:\Qt\6.8.2\mingw_64\lib\Qt6QmlTypeRegistrar.prl
2026-09-15 02:02:27,897 - aqt.updater - INFO - updater 31520 Patching C:\Qt\6.8.2\mingw_64\lib\Qt6QmlWorkerScript.prl
2026-09-15 02:02:27,903 - aqt.updater - INFO - updater 31520 Patching C:\Qt\6.8.2\mingw_64\lib\Qt6QmlXmlListModel.prl
2026-09-15 02:02:27,907 - aqt.updater - INFO - updater 31520 Patching C:\Qt\6.8.2\mingw_64\lib\Qt6Quick.prl
2026-09-15 02:02:27,912 - aqt.updater - INFO - updater 31520 Patching C:\Qt\6.8.2\mingw_64\lib\Qt6Quick3D.prl
2026-09-15 02:02:27,924 - aqt.updater - INFO - updater 31520 Patching C:\Qt\6.8.2\mingw_64\lib\Qt6Quick3DAssetImport.prl
2026-09-15 02:02:27,936 - aqt.updater - INFO - updater 31520 Patching C:\Qt\6.8.2\mingw_64\lib\Qt6Quick3DAssetUtils.prl
2026-09-15 02:02:27,950 - aqt.updater - INFO - updater 31520 Patching C:\Qt\6.8.2\mingw_64\lib\Qt6Quick3DEffects.prl
2026-09-15 02:02:27,961 - aqt.updater - INFO - updater 31520 Patching C:\Qt\6.8.2\mingw_64\lib\Qt6Quick3DGlslParser.prl
2026-09-15 02:02:27,972 - aqt.updater - INFO - updater 31520 Patching C:\Qt\6.8.2\mingw_64\lib\Qt6Quick3DHelpers.prl
2026-09-15 02:02:27,987 - aqt.updater - INFO - updater 31520 Patching C:\Qt\6.8.2\mingw_64\lib\Qt6Quick3DHelpersImpl.prl
2026-09-15 02:02:27,999 - aqt.updater - INFO - updater 31520 Patching C:\Qt\6.8.2\mingw_64\lib\Qt6Quick3DIblBaker.prl
2026-09-15 02:02:28,017 - aqt.updater - INFO - updater 31520 Patching C:\Qt\6.8.2\mingw_64\lib\Qt6Quick3DParticleEffects.prl
2026-09-15 02:02:28,044 - aqt.updater - INFO - updater 31520 Patching C:\Qt\6.8.2\mingw_64\lib\Qt6Quick3DParticles.prl
2026-09-15 02:02:28,056 - aqt.updater - INFO - updater 31520 Patching C:\Qt\6.8.2\mingw_64\lib\Qt6Quick3DRuntimeRender.prl
2026-09-15 02:02:28,072 - aqt.updater - INFO - updater 31520 Patching C:\Qt\6.8.2\mingw_64\lib\Qt6Quick3DUtils.prl
2026-09-15 02:02:28,088 - aqt.updater - INFO - updater 31520 Patching C:\Qt\6.8.2\mingw_64\lib\Qt6Quick3DXr.prl
2026-09-15 02:02:28,100 - aqt.updater - INFO - updater 31520 Patching C:\Qt\6.8.2\mingw_64\lib\Qt6QuickControls2.prl
2026-09-15 02:02:28,105 - aqt.updater - INFO - updater 31520 Patching C:\Qt\6.8.2\mingw_64\lib\Qt6QuickControls2Basic.prl
2026-09-15 02:02:28,108 - aqt.updater - INFO - updater 31520 Patching C:\Qt\6.8.2\mingw_64\lib\Qt6QuickControls2BasicStyleImpl.prl
2026-09-15 02:02:28,112 - aqt.updater - INFO - updater 31520 Patching C:\Qt\6.8.2\mingw_64\lib\Qt6QuickControls2FluentWinUI3StyleImpl.prl
2026-09-15 02:02:28,116 - aqt.updater - INFO - updater 31520 Patching C:\Qt\6.8.2\mingw_64\lib\Qt6QuickControls2Fusion.prl
2026-09-15 02:02:28,119 - aqt.updater - INFO - updater 31520 Patching C:\Qt\6.8.2\mingw_64\lib\Qt6QuickControls2FusionStyleImpl.prl
2026-09-15 02:02:28,124 - aqt.updater - INFO - updater 31520 Patching C:\Qt\6.8.2\mingw_64\lib\Qt6QuickControls2Imagine.prl
2026-09-15 02:02:28,128 - aqt.updater - INFO - updater 31520 Patching C:\Qt\6.8.2\mingw_64\lib\Qt6QuickControls2ImagineStyleImpl.prl
2026-09-15 02:02:28,144 - aqt.updater - INFO - updater 31520 Patching C:\Qt\6.8.2\mingw_64\lib\Qt6QuickControls2Impl.prl
2026-09-15 02:02:28,154 - aqt.updater - INFO - updater 31520 Patching C:\Qt\6.8.2\mingw_64\lib\Qt6QuickControls2Material.prl
2026-09-15 02:02:28,176 - aqt.updater - INFO - updater 31520 Patching C:\Qt\6.8.2\mingw_64\lib\Qt6QuickControls2MaterialStyleImpl.prl
2026-09-15 02:02:28,180 - aqt.updater - INFO - updater 31520 Patching C:\Qt\6.8.2\mingw_64\lib\Qt6QuickControls2Universal.prl
2026-09-15 02:02:28,184 - aqt.updater - INFO - updater 31520 Patching C:\Qt\6.8.2\mingw_64\lib\Qt6QuickControls2UniversalStyleImpl.prl
2026-09-15 02:02:28,189 - aqt.updater - INFO - updater 31520 Patching C:\Qt\6.8.2\mingw_64\lib\Qt6QuickControls2WindowsStyleImpl.prl
2026-09-15 02:02:28,203 - aqt.updater - INFO - updater 31520 Patching C:\Qt\6.8.2\mingw_64\lib\Qt6QuickControlsTestUtils.prl
2026-09-15 02:02:28,207 - aqt.updater - INFO - updater 31520 Patching C:\Qt\6.8.2\mingw_64\lib\Qt6QuickDialogs2.prl
2026-09-15 02:02:28,212 - aqt.updater - INFO - updater 31520 Patching C:\Qt\6.8.2\mingw_64\lib\Qt6QuickDialogs2QuickImpl.prl
2026-09-15 02:02:28,217 - aqt.updater - INFO - updater 31520 Patching C:\Qt\6.8.2\mingw_64\lib\Qt6QuickDialogs2Utils.prl
2026-09-15 02:02:28,222 - aqt.updater - INFO - updater 31520 Patching C:\Qt\6.8.2\mingw_64\lib\Qt6QuickEffects.prl
2026-09-15 02:02:28,226 - aqt.updater - INFO - updater 31520 Patching C:\Qt\6.8.2\mingw_64\lib\Qt6QuickLayouts.prl
2026-09-15 02:02:28,232 - aqt.updater - INFO - updater 31520 Patching C:\Qt\6.8.2\mingw_64\lib\Qt6QuickParticles.prl
2026-09-15 02:02:28,236 - aqt.updater - INFO - updater 31520 Patching C:\Qt\6.8.2\mingw_64\lib\Qt6QuickShapes.prl
2026-09-15 02:02:28,241 - aqt.updater - INFO - updater 31520 Patching C:\Qt\6.8.2\mingw_64\lib\Qt6QuickTemplates2.prl
2026-09-15 02:02:28,246 - aqt.updater - INFO - updater 31520 Patching C:\Qt\6.8.2\mingw_64\lib\Qt6QuickTest.prl
2026-09-15 02:02:28,250 - aqt.updater - INFO - updater 31520 Patching C:\Qt\6.8.2\mingw_64\lib\Qt6QuickTestUtils.prl
2026-09-15 02:02:28,255 - aqt.updater - INFO - updater 31520 Patching C:\Qt\6.8.2\mingw_64\lib\Qt6QuickVectorImage.prl
2026-09-15 02:02:28,259 - aqt.updater - INFO - updater 31520 Patching C:\Qt\6.8.2\mingw_64\lib\Qt6QuickVectorImageGenerator.prl
2026-09-15 02:02:28,264 - aqt.updater - INFO - updater 31520 Patching C:\Qt\6.8.2\mingw_64\lib\Qt6QuickWidgets.prl
2026-09-15 02:02:28,268 - aqt.updater - INFO - updater 31520 Patching C:\Qt\6.8.2\mingw_64\lib\Qt6ShaderTools.prl
2026-09-15 02:02:28,279 - aqt.updater - INFO - updater 31520 Patching C:\Qt\6.8.2\mingw_64\lib\Qt6Sql.prl
2026-09-15 02:02:28,284 - aqt.updater - INFO - updater 31520 Patching C:\Qt\6.8.2\mingw_64\lib\Qt6Svg.prl
2026-09-15 02:02:28,289 - aqt.updater - INFO - updater 31520 Patching C:\Qt\6.8.2\mingw_64\lib\Qt6SvgWidgets.prl
2026-09-15 02:02:28,294 - aqt.updater - INFO - updater 31520 Patching C:\Qt\6.8.2\mingw_64\lib\Qt6Test.prl
2026-09-15 02:02:28,299 - aqt.updater - INFO - updater 31520 Patching C:\Qt\6.8.2\mingw_64\lib\Qt6UiTools.prl
2026-09-15 02:02:28,305 - aqt.updater - INFO - updater 31520 Patching C:\Qt\6.8.2\mingw_64\lib\Qt6Widgets.prl
2026-09-15 02:02:28,309 - aqt.updater - INFO - updater 31520 Patching C:\Qt\6.8.2\mingw_64\lib\Qt6Xml.prl
2026-09-15 02:02:28,314 - aqt.main - INFO - installer 31520 Finished installation
2026-09-15 02:02:28,314 - aqt.main - INFO - installer 31520 Time elapsed: 58.89229920 second
2026-09-15 02:05:24,102 - aqt.main - INFO - installer 15788 aqtinstall(aqt) v3.3.0 on Python 3.14.3 [CPython MSC v.1944 64 bit (AMD64)]
2026-09-15 02:05:24,105 - aqt.helper - DEBUG - helper 15788 Attempt to download checksum at https://download.qt.io/online/qtsdkrepository/windows_x86/desktop/qt6_6110/qt6_6110/Updates.xml.sha256
2026-09-15 02:05:25,438 - aqt.helper - DEBUG - helper 15788 Attempt to download checksum at https://download.qt.io/online/qtsdkrepository/windows_x86/desktop/qt6_6110/qt6_6110/Updates.xml.sha256
2026-09-15 02:05:26,676 - aqt.helper - DEBUG - helper 15788 Attempt to download checksum at https://download.qt.io/online/qtsdkrepository/windows_x86/desktop/qt6_6110/qt6_6110/Updates.xml.sha256
2026-09-15 02:05:27,949 - aqt.helper - DEBUG - helper 15788 Attempt to download checksum at https://download.qt.io/online/qtsdkrepository/windows_x86/desktop/qt6_6110/qt6_6110/Updates.xml.sha256
2026-09-15 02:05:29,318 - aqt.helper - DEBUG - helper 15788 Attempt to download checksum at https://download.qt.io/online/qtsdkrepository/windows_x86/desktop/qt6_6110/qt6_6110/Updates.xml.sha256
2026-09-15 02:05:30,677 - aqt.main - ERROR - installer 15788 Failed to download checksum for the file 'Updates.xml' from mirrors '['https://download.qt.io']
==============================Suggested follow-up:==============================
* Check your internet connection
* Consider modifying `requests.max_retries_to_retrieve_hash` in settings.ini
* Consider modifying `mirrors.trusted_mirrors` in settings.ini (see https://aqtinstall.readthedocs.io/en/stable/configuration.html#configuration)
2026-09-15 02:06:51,685 - aqt.main - INFO - installer 17284 aqtinstall(aqt) v3.3.0 on Python 3.14.3 [CPython MSC v.1944 64 bit (AMD64)]
2026-09-15 02:06:51,688 - aqt.main - INFO - installer 17284 Found installed windows-desktop Qt at C:\Qt\6.8.2\mingw_64
2026-09-15 02:06:51,689 - aqt.helper - DEBUG - helper 17284 Attempt to download checksum at https://download.qt.io/online/qtsdkrepository/all_os/wasm/qt6_682/qt6_682_wasm_multithread/Updates.xml.sha256
2026-09-15 02:06:53,595 - aqt.helper - DEBUG - helper 17284 Attempt to download checksum at https://download.qt.io/online/qtsdkrepository/all_os/extensions/qtwebengine/682/wasm_multithread/Updates.xml.sha256
2026-09-15 02:06:54,800 - aqt.helper - DEBUG - helper 17284 Attempt to download checksum at https://download.qt.io/online/qtsdkrepository/all_os/extensions/qtwebengine/682/wasm_multithread/Updates.xml.sha256
2026-09-15 02:06:55,998 - aqt.helper - DEBUG - helper 17284 Attempt to download checksum at https://download.qt.io/online/qtsdkrepository/all_os/extensions/qtwebengine/682/wasm_multithread/Updates.xml.sha256
2026-09-15 02:06:57,197 - aqt.helper - DEBUG - helper 17284 Attempt to download checksum at https://download.qt.io/online/qtsdkrepository/all_os/extensions/qtwebengine/682/wasm_multithread/Updates.xml.sha256
2026-09-15 02:06:58,439 - aqt.helper - DEBUG - helper 17284 Attempt to download checksum at https://download.qt.io/online/qtsdkrepository/all_os/extensions/qtwebengine/682/wasm_multithread/Updates.xml.sha256
2026-09-15 02:06:59,727 - aqt.helper - DEBUG - helper 17284 Attempt to download checksum at https://download.qt.io/online/qtsdkrepository/all_os/extensions/qtpdf/682/wasm_multithread/Updates.xml.sha256
2026-09-15 02:07:01,115 - aqt.helper - DEBUG - helper 17284 Attempt to download checksum at https://download.qt.io/online/qtsdkrepository/all_os/extensions/qtpdf/682/wasm_multithread/Updates.xml.sha256
2026-09-15 02:07:02,447 - aqt.helper - DEBUG - helper 17284 Attempt to download checksum at https://download.qt.io/online/qtsdkrepository/all_os/extensions/qtpdf/682/wasm_multithread/Updates.xml.sha256
2026-09-15 02:07:03,653 - aqt.helper - DEBUG - helper 17284 Attempt to download checksum at https://download.qt.io/online/qtsdkrepository/all_os/extensions/qtpdf/682/wasm_multithread/Updates.xml.sha256
2026-09-15 02:07:04,917 - aqt.helper - DEBUG - helper 17284 Attempt to download checksum at https://download.qt.io/online/qtsdkrepository/all_os/extensions/qtpdf/682/wasm_multithread/Updates.xml.sha256
2026-09-15 02:07:08,528 - aqt.helper - DEBUG - helper 32040 Attempt to download checksum at https://download.qt.io/online/qtsdkrepository/all_os/wasm/qt6_682/qt6_682_wasm_multithread/qt.qt6.682.addons.qtquicktimeline.wasm_multithread/6.8.2-0-202501260838qtquicktimeline-Linux-openSUSE_15_5-GCC-Linux-WebAssembly-X86_64.7z.sha256
2026-09-15 02:07:08,561 - aqt.helper - DEBUG - helper 21800 Attempt to download checksum at https://download.qt.io/online/qtsdkrepository/all_os/wasm/qt6_682/qt6_682_wasm_multithread/qt.qt6.682.wasm_multithread/6.8.2-0-202501260838qtbase-Linux-openSUSE_15_5-GCC-Linux-WebAssembly-X86_64.7z.sha256
2026-09-15 02:07:08,562 - aqt.helper - DEBUG - helper 32616 Attempt to download checksum at https://download.qt.io/online/qtsdkrepository/all_os/wasm/qt6_682/qt6_682_wasm_multithread/qt.qt6.682.wasm_multithread/6.8.2-0-202501260838qtsvg-Linux-openSUSE_15_5-GCC-Linux-WebAssembly-X86_64.7z.sha256
2026-09-15 02:07:08,620 - aqt.helper - DEBUG - helper 7244 Attempt to download checksum at https://download.qt.io/online/qtsdkrepository/all_os/wasm/qt6_682/qt6_682_wasm_multithread/qt.qt6.682.wasm_multithread/6.8.2-0-202501260838qtdeclarative-Linux-openSUSE_15_5-GCC-Linux-WebAssembly-X86_64.7z.sha256
2026-09-15 02:07:09,962 - aqt.helper - INFO - helper 21800 Downloading qtbase...
2026-09-15 02:07:09,962 - aqt.installer - DEBUG - installer 21800 Download URL: https://mirrors.ocf.berkeley.edu/qt/online/qtsdkrepository/all_os/wasm/qt6_682/qt6_682_wasm_multithread/qt.qt6.682.wasm_multithread/6.8.2-0-202501260838qtbase-Linux-openSUSE_15_5-GCC-Linux-WebAssembly-X86_64.7z
2026-09-15 02:07:09,992 - aqt.helper - INFO - helper 32616 Downloading qtsvg...
eline...
2026-09-15 02:07:09,993 - aqt.installer - DEBUG - installer 32040 Download URL: https://mirrors.ocf.berkeley.edu/qt/online/qtsdkrepository/all_os/wasm/qt6_682/qt6_682_wasm_multithread/qt.qt6.682.addons.qtquicktimeline.wasm_multithread/6.8.2-0-202501260838qtquicktimeline-Linux-openSUSE_15_5-GCC-Linux-WebAssembly-X86_64.7z
2026-09-15 02:07:09,993 - aqt.installer - DEBUG - installer 32616 Download URL: https://mirrors.ocf.berkeley.edu/qt/online/qtsdkrepository/all_os/wasm/qt6_682/qt6_682_wasm_multithread/qt.qt6.682.wasm_multithread/6.8.2-0-202501260838qtsvg-Linux-openSUSE_15_5-GCC-Linux-WebAssembly-X86_64.7z
2026-09-15 02:07:10,071 - aqt.helper - INFO - helper 7244 Downloading qtdeclarative...
2026-09-15 02:07:10,072 - aqt.installer - DEBUG - installer 7244 Download URL: https://mirrors.ocf.berkeley.edu/qt/online/qtsdkrepository/all_os/wasm/qt6_682/qt6_682_wasm_multithread/qt.qt6.682.wasm_multithread/6.8.2-0-202501260838qtdeclarative-Linux-openSUSE_15_5-GCC-Linux-WebAssembly-X86_64.7z
2026-09-15 02:07:11,954 - aqt.installer - INFO - installer 32616 Finished installation of qtsvg-Linux-openSUSE_15_5-GCC-Linux-WebAssembly-X86_64.7z in 3.39654880
2026-09-15 02:07:11,990 - aqt.helper - DEBUG - helper 32616 Attempt to download checksum at https://download.qt.io/online/qtsdkrepository/all_os/wasm/qt6_682/qt6_682_wasm_multithread/qt.qt6.682.wasm_multithread/6.8.2-0-202501260838qttools-Linux-openSUSE_15_5-GCC-Linux-WebAssembly-X86_64.7z.sha256
2026-09-15 02:07:12,080 - aqt.installer - INFO - installer 32040 Finished installation of qtquicktimeline-Linux-openSUSE_15_5-GCC-Linux-WebAssembly-X86_64.7z in 3.55833600
2026-09-15 02:07:12,123 - aqt.helper - DEBUG - helper 32040 Attempt to download checksum at https://download.qt.io/online/qtsdkrepository/all_os/wasm/qt6_682/qt6_682_wasm_multithread/qt.qt6.682.wasm_multithread/6.8.2-0-202501260838qttranslations-Linux-openSUSE_15_5-GCC-Linux-WebAssembly-X86_64.7z.sha256
2026-09-15 02:07:13,278 - aqt.helper - INFO - helper 32616 Downloading qttools...
2026-09-15 02:07:13,279 - aqt.installer - DEBUG - installer 32616 Download URL: https://mirrors.ocf.berkeley.edu/qt/online/qtsdkrepository/all_os/wasm/qt6_682/qt6_682_wasm_multithread/qt.qt6.682.wasm_multithread/6.8.2-0-202501260838qttools-Linux-openSUSE_15_5-GCC-Linux-WebAssembly-X86_64.7z
2026-09-15 02:07:13,365 - aqt.helper - INFO - helper 32040 Downloading qttranslations...
2026-09-15 02:07:13,365 - aqt.installer - DEBUG - installer 32040 Download URL: https://mirrors.ocf.berkeley.edu/qt/online/qtsdkrepository/all_os/wasm/qt6_682/qt6_682_wasm_multithread/qt.qt6.682.wasm_multithread/6.8.2-0-202501260838qttranslations-Linux-openSUSE_15_5-GCC-Linux-WebAssembly-X86_64.7z
2026-09-15 02:07:15,271 - aqt.installer - INFO - installer 32616 Finished installation of qttools-Linux-openSUSE_15_5-GCC-Linux-WebAssembly-X86_64.7z in 3.28836740
2026-09-15 02:07:16,219 - aqt.installer - INFO - installer 32040 Finished installation of qttranslations-Linux-openSUSE_15_5-GCC-Linux-WebAssembly-X86_64.7z in 4.10282120
2026-09-15 02:10:48,257 - aqt.main - INFO - installer 29964 aqtinstall(aqt) v3.3.0 on Python 3.14.3 [CPython MSC v.1944 64 bit (AMD64)]
2026-09-15 02:10:48,259 - aqt.helper - DEBUG - helper 29964 Attempt to download checksum at https://download.qt.io/online/qtsdkrepository/windows_x86/desktop/qt6_6110/qt6_6110/Updates.xml.sha256
2026-09-15 02:10:49,515 - aqt.helper - DEBUG - helper 29964 Attempt to download checksum at https://download.qt.io/online/qtsdkrepository/windows_x86/desktop/qt6_6110/qt6_6110/Updates.xml.sha256
2026-09-15 02:10:50,715 - aqt.helper - DEBUG - helper 29964 Attempt to download checksum at https://download.qt.io/online/qtsdkrepository/windows_x86/desktop/qt6_6110/qt6_6110/Updates.xml.sha256
2026-09-15 02:10:51,960 - aqt.helper - DEBUG - helper 29964 Attempt to download checksum at https://download.qt.io/online/qtsdkrepository/windows_x86/desktop/qt6_6110/qt6_6110/Updates.xml.sha256
2026-09-15 02:10:53,125 - aqt.helper - DEBUG - helper 29964 Attempt to download checksum at https://download.qt.io/online/qtsdkrepository/windows_x86/desktop/qt6_6110/qt6_6110/Updates.xml.sha256
2026-09-15 02:10:54,444 - aqt.main - ERROR - installer 29964 Failed to download checksum for the file 'Updates.xml' from mirrors '['https://download.qt.io']
==============================Suggested follow-up:==============================
* Check your internet connection
* Consider modifying `requests.max_retries_to_retrieve_hash` in settings.ini
* Consider modifying `mirrors.trusted_mirrors` in settings.ini (see https://aqtinstall.readthedocs.io/en/stable/configuration.html#configuration)
2026-09-15 02:11:02,624 - aqt.helper - DEBUG - helper 20828 Attempt to download checksum at https://download.qt.io/online/qtsdkrepository/all_os/wasm/qt6_6110/qt6_6110_wasm_singlethread/Updates.xml.sha256
2026-09-15 02:11:04,965 - aqt.helper - DEBUG - helper 20828 Attempt to download checksum at https://download.qt.io/online/qtsdkrepository/all_os/wasm/qt6_6110/qt6_6110_wasm_multithread/Updates.xml.sha256
2026-09-15 02:11:10,730 - aqt.helper - DEBUG - helper 21756 Attempt to download checksum at https://download.qt.io/online/qtsdkrepository/all_os/wasm/qt6_6110/qt6_6110_wasm_multithread/Updates.xml.sha256
2026-09-15 02:11:13,108 - aqt.helper - DEBUG - helper 21756 Attempt to download checksum at https://download.qt.io/online/qtsdkrepository/all_os/extensions/qtpdf/6110/wasm_multithread/Updates.xml.sha256
2026-09-15 02:11:14,332 - aqt.helper - DEBUG - helper 21756 Attempt to download checksum at https://download.qt.io/online/qtsdkrepository/all_os/extensions/qtpdf/6110/wasm_multithread/Updates.xml.sha256
2026-09-15 02:11:15,571 - aqt.helper - DEBUG - helper 21756 Attempt to download checksum at https://download.qt.io/online/qtsdkrepository/all_os/extensions/qtpdf/6110/wasm_multithread/Updates.xml.sha256
2026-09-15 02:11:16,833 - aqt.helper - DEBUG - helper 21756 Attempt to download checksum at https://download.qt.io/online/qtsdkrepository/all_os/extensions/qtpdf/6110/wasm_multithread/Updates.xml.sha256
2026-09-15 02:11:18,043 - aqt.helper - DEBUG - helper 21756 Attempt to download checksum at https://download.qt.io/online/qtsdkrepository/all_os/extensions/qtpdf/6110/wasm_multithread/Updates.xml.sha256
2026-09-15 02:11:19,197 - aqt.helper - DEBUG - helper 21756 Attempt to download checksum at https://download.qt.io/online/qtsdkrepository/all_os/extensions/qtwebengine/6110/wasm_multithread/Updates.xml.sha256
2026-09-15 02:11:20,351 - aqt.helper - DEBUG - helper 21756 Attempt to download checksum at https://download.qt.io/online/qtsdkrepository/all_os/extensions/qtwebengine/6110/wasm_multithread/Updates.xml.sha256
2026-09-15 02:11:21,483 - aqt.helper - DEBUG - helper 21756 Attempt to download checksum at https://download.qt.io/online/qtsdkrepository/all_os/extensions/qtwebengine/6110/wasm_multithread/Updates.xml.sha256
2026-09-15 02:11:22,725 - aqt.helper - DEBUG - helper 21756 Attempt to download checksum at https://download.qt.io/online/qtsdkrepository/all_os/extensions/qtwebengine/6110/wasm_multithread/Updates.xml.sha256
2026-09-15 02:11:23,833 - aqt.helper - DEBUG - helper 21756 Attempt to download checksum at https://download.qt.io/online/qtsdkrepository/all_os/extensions/qtwebengine/6110/wasm_multithread/Updates.xml.sha256
2026-09-15 02:11:32,017 - aqt.main - INFO - installer 26424 aqtinstall(aqt) v3.3.0 on Python 3.14.3 [CPython MSC v.1944 64 bit (AMD64)]
2026-09-15 02:11:32,019 - aqt.helper - DEBUG - helper 26424 Attempt to download checksum at https://download.qt.io/online/qtsdkrepository/windows_x86/desktop/qt6_6110/qt6_6110/Updates.xml.sha256
2026-09-15 02:11:33,232 - aqt.helper - DEBUG - helper 26424 Attempt to download checksum at https://download.qt.io/online/qtsdkrepository/windows_x86/desktop/qt6_6110/qt6_6110/Updates.xml.sha256
2026-09-15 02:11:34,404 - aqt.helper - DEBUG - helper 26424 Attempt to download checksum at https://download.qt.io/online/qtsdkrepository/windows_x86/desktop/qt6_6110/qt6_6110/Updates.xml.sha256
2026-09-15 02:11:35,573 - aqt.helper - DEBUG - helper 26424 Attempt to download checksum at https://download.qt.io/online/qtsdkrepository/windows_x86/desktop/qt6_6110/qt6_6110/Updates.xml.sha256
2026-09-15 02:11:36,723 - aqt.helper - DEBUG - helper 26424 Attempt to download checksum at https://download.qt.io/online/qtsdkrepository/windows_x86/desktop/qt6_6110/qt6_6110/Updates.xml.sha256
2026-09-15 02:11:37,871 - aqt.main - ERROR - installer 26424 Failed to download checksum for the file 'Updates.xml' from mirrors '['https://download.qt.io']
==============================Suggested follow-up:==============================
* Check your internet connection
* Consider modifying `requests.max_retries_to_retrieve_hash` in settings.ini
* Consider modifying `mirrors.trusted_mirrors` in settings.ini (see https://aqtinstall.readthedocs.io/en/stable/configuration.html#configuration)
2026-09-15 02:11:41,128 - aqt.main - INFO - installer 18436 aqtinstall(aqt) v3.3.0 on Python 3.14.3 [CPython MSC v.1944 64 bit (AMD64)]
2026-09-15 02:11:41,130 - aqt.helper - DEBUG - helper 18436 Attempt to download checksum at https://download.qt.io/online/qtsdkrepository/windows_x86/desktop/qt6_6110/qt6_6110/Updates.xml.sha256
2026-09-15 02:11:42,337 - aqt.helper - DEBUG - helper 18436 Attempt to download checksum at https://download.qt.io/online/qtsdkrepository/windows_x86/desktop/qt6_6110/qt6_6110/Updates.xml.sha256
2026-09-15 02:11:43,496 - aqt.helper - DEBUG - helper 18436 Attempt to download checksum at https://download.qt.io/online/qtsdkrepository/windows_x86/desktop/qt6_6110/qt6_6110/Updates.xml.sha256
2026-09-15 02:11:44,630 - aqt.helper - DEBUG - helper 18436 Attempt to download checksum at https://download.qt.io/online/qtsdkrepository/windows_x86/desktop/qt6_6110/qt6_6110/Updates.xml.sha256
2026-09-15 02:11:45,824 - aqt.helper - DEBUG - helper 18436 Attempt to download checksum at https://download.qt.io/online/qtsdkrepository/windows_x86/desktop/qt6_6110/qt6_6110/Updates.xml.sha256
2026-09-15 02:11:47,062 - aqt.main - ERROR - installer 18436 Failed to download checksum for the file 'Updates.xml' from mirrors '['https://download.qt.io']
==============================Suggested follow-up:==============================
* Check your internet connection
* Consider modifying `requests.max_retries_to_retrieve_hash` in settings.ini
* Consider modifying `mirrors.trusted_mirrors` in settings.ini (see https://aqtinstall.readthedocs.io/en/stable/configuration.html#configuration)
2026-09-15 02:11:51,393 - aqt.main - INFO - installer 14512 aqtinstall(aqt) v3.3.0 on Python 3.14.3 [CPython MSC v.1944 64 bit (AMD64)]
2026-09-15 02:11:51,395 - aqt.helper - DEBUG - helper 14512 Attempt to download checksum at https://download.qt.io/online/qtsdkrepository/windows_x86/desktop/qt6_6110/qt6_6110/Updates.xml.sha256
2026-09-15 02:11:52,579 - aqt.helper - DEBUG - helper 14512 Attempt to download checksum at https://download.qt.io/online/qtsdkrepository/windows_x86/desktop/qt6_6110/qt6_6110/Updates.xml.sha256
2026-09-15 02:11:53,865 - aqt.helper - DEBUG - helper 14512 Attempt to download checksum at https://download.qt.io/online/qtsdkrepository/windows_x86/desktop/qt6_6110/qt6_6110/Updates.xml.sha256
2026-09-15 02:11:55,067 - aqt.helper - DEBUG - helper 14512 Attempt to download checksum at https://download.qt.io/online/qtsdkrepository/windows_x86/desktop/qt6_6110/qt6_6110/Updates.xml.sha256
2026-09-15 02:11:56,197 - aqt.helper - DEBUG - helper 14512 Attempt to download checksum at https://download.qt.io/online/qtsdkrepository/windows_x86/desktop/qt6_6110/qt6_6110/Updates.xml.sha256
2026-09-15 02:11:57,320 - aqt.main - ERROR - installer 14512 Failed to download checksum for the file 'Updates.xml' from mirrors '['https://download.qt.io']
==============================Suggested follow-up:==============================
* Check your internet connection
* Consider modifying `requests.max_retries_to_retrieve_hash` in settings.ini
* Consider modifying `mirrors.trusted_mirrors` in settings.ini (see https://aqtinstall.readthedocs.io/en/stable/configuration.html#configuration)
2026-09-15 02:12:00,936 - aqt.main - INFO - installer 30404 aqtinstall(aqt) v3.3.0 on Python 3.14.3 [CPython MSC v.1944 64 bit (AMD64)]
2026-09-15 02:12:00,938 - aqt.helper - DEBUG - helper 30404 Attempt to download checksum at https://download.qt.io/online/qtsdkrepository/windows_x86/desktop/qt6_6110/qt6_6110/Updates.xml.sha256
2026-09-15 02:12:02,187 - aqt.helper - DEBUG - helper 30404 Attempt to download checksum at https://download.qt.io/online/qtsdkrepository/windows_x86/desktop/qt6_6110/qt6_6110/Updates.xml.sha256
2026-09-15 02:12:03,346 - aqt.helper - DEBUG - helper 30404 Attempt to download checksum at https://download.qt.io/online/qtsdkrepository/windows_x86/desktop/qt6_6110/qt6_6110/Updates.xml.sha256
2026-09-15 02:12:04,527 - aqt.helper - DEBUG - helper 30404 Attempt to download checksum at https://download.qt.io/online/qtsdkrepository/windows_x86/desktop/qt6_6110/qt6_6110/Updates.xml.sha256
2026-09-15 02:12:05,746 - aqt.helper - DEBUG - helper 30404 Attempt to download checksum at https://download.qt.io/online/qtsdkrepository/windows_x86/desktop/qt6_6110/qt6_6110/Updates.xml.sha256
2026-09-15 02:12:06,917 - aqt.main - ERROR - installer 30404 Failed to download checksum for the file 'Updates.xml' from mirrors '['https://download.qt.io']
==============================Suggested follow-up:==============================
* Check your internet connection
* Consider modifying `requests.max_retries_to_retrieve_hash` in settings.ini
* Consider modifying `mirrors.trusted_mirrors` in settings.ini (see https://aqtinstall.readthedocs.io/en/stable/configuration.html#configuration)
2026-09-15 02:12:14,560 - aqt.main - INFO - installer 28256 aqtinstall(aqt) v3.3.0 on Python 3.14.3 [CPython MSC v.1944 64 bit (AMD64)]
2026-09-15 02:12:14,561 - aqt.helper - DEBUG - helper 28256 Attempt to download checksum at https://download.qt.io/online/qtsdkrepository/windows_x86/desktop/qt6_6110/qt6_6110/Updates.xml.sha256
2026-09-15 02:12:15,758 - aqt.helper - DEBUG - helper 28256 Attempt to download checksum at https://download.qt.io/online/qtsdkrepository/windows_x86/desktop/qt6_6110/qt6_6110/Updates.xml.sha256
2026-09-15 02:12:16,945 - aqt.helper - DEBUG - helper 28256 Attempt to download checksum at https://download.qt.io/online/qtsdkrepository/windows_x86/desktop/qt6_6110/qt6_6110/Updates.xml.sha256
2026-09-15 02:12:18,167 - aqt.helper - DEBUG - helper 28256 Attempt to download checksum at https://download.qt.io/online/qtsdkrepository/windows_x86/desktop/qt6_6110/qt6_6110/Updates.xml.sha256
2026-09-15 02:12:19,443 - aqt.helper - DEBUG - helper 28256 Attempt to download checksum at https://download.qt.io/online/qtsdkrepository/windows_x86/desktop/qt6_6110/qt6_6110/Updates.xml.sha256
2026-09-15 02:12:20,666 - aqt.main - ERROR - installer 28256 Failed to download checksum for the file 'Updates.xml' from mirrors '['https://download.qt.io']
==============================Suggested follow-up:==============================
* Check your internet connection
* Consider modifying `requests.max_retries_to_retrieve_hash` in settings.ini
* Consider modifying `mirrors.trusted_mirrors` in settings.ini (see https://aqtinstall.readthedocs.io/en/stable/configuration.html#configuration)
2026-09-15 02:12:27,631 - aqt.main - WARNING - installer 26796 ************************************************************************************************
2026-09-15 02:12:27,631 - aqt.main - WARNING - installer 26796 Hash verification is disabled. This is UNSAFE and may allow malicious files to be downloaded.
2026-09-15 02:12:27,631 - aqt.main - WARNING - installer 26796 If your install mirror hosts malicious files, you won't be able to know. Use at your own risk.
2026-09-15 02:12:27,631 - aqt.main - WARNING - installer 26796 ************************************************************************************************
2026-09-15 02:12:27,631 - aqt.main - INFO - installer 26796 aqtinstall(aqt) v3.3.0 on Python 3.14.3 [CPython MSC v.1944 64 bit (AMD64)]
2026-09-15 02:12:28,806 - aqt.metadata - DEBUG - metadata 26796 Connection to 'https://download.qt.io' failed. Retrying with fallback 'https://master.qt.io/'.
2026-09-15 02:12:29,813 - aqt.main - ERROR - installer 26796 Failed to retrieve file at https://master.qt.io/online/qtsdkrepository/windows_x86/desktop/qt6_6110/qt6_6110/Updates.xml
Server response code: 404, reason: Not Found
2026-09-15 02:12:33,373 - aqt.main - WARNING - installer 21424 ************************************************************************************************
2026-09-15 02:12:33,373 - aqt.main - WARNING - installer 21424 Hash verification is disabled. This is UNSAFE and may allow malicious files to be downloaded.
2026-09-15 02:12:33,373 - aqt.main - WARNING - installer 21424 If your install mirror hosts malicious files, you won't be able to know. Use at your own risk.
2026-09-15 02:12:33,373 - aqt.main - WARNING - installer 21424 ************************************************************************************************
2026-09-15 02:12:33,373 - aqt.main - INFO - installer 21424 aqtinstall(aqt) v3.3.0 on Python 3.14.3 [CPython MSC v.1944 64 bit (AMD64)]
2026-09-15 02:12:34,558 - aqt.metadata - DEBUG - metadata 21424 Connection to 'https://download.qt.io' failed. Retrying with fallback 'https://www.nic.funet.fi/pub/mirrors/download.qt-project.org/'.
2026-09-15 02:12:35,650 - aqt.main - ERROR - installer 21424 Failed to retrieve file at https://www.nic.funet.fi/pub/mirrors/download.qt-project.org/online/qtsdkrepository/windows_x86/desktop/qt6_6110/qt6_6110/Updates.xml
Server response code: 404, reason: Not Found
2026-09-15 02:14:00,914 - aqt.main - INFO - installer 6488 aqtinstall(aqt) v3.3.0 on Python 3.14.3 [CPython MSC v.1944 64 bit (AMD64)]
2026-09-15 02:14:00,917 - aqt.helper - DEBUG - helper 6488 Attempt to download checksum at https://download.qt.io/online/qtsdkrepository/windows_x86/desktop/qt6_6110/qt6_6110/Updates.xml.sha256
2026-09-15 02:14:02,197 - aqt.helper - DEBUG - helper 6488 Attempt to download checksum at https://download.qt.io/online/qtsdkrepository/windows_x86/desktop/qt6_6110/qt6_6110/Updates.xml.sha256
2026-09-15 02:14:03,462 - aqt.helper - DEBUG - helper 6488 Attempt to download checksum at https://download.qt.io/online/qtsdkrepository/windows_x86/desktop/qt6_6110/qt6_6110/Updates.xml.sha256
2026-09-15 02:14:04,707 - aqt.helper - DEBUG - helper 6488 Attempt to download checksum at https://download.qt.io/online/qtsdkrepository/windows_x86/desktop/qt6_6110/qt6_6110/Updates.xml.sha256
2026-09-15 02:14:06,061 - aqt.helper - DEBUG - helper 6488 Attempt to download checksum at https://download.qt.io/online/qtsdkrepository/windows_x86/desktop/qt6_6110/qt6_6110/Updates.xml.sha256
2026-09-15 02:14:29,091 - aqt.main - INFO - installer 18856 aqtinstall(aqt) v3.3.0 on Python 3.14.3 [CPython MSC v.1944 64 bit (AMD64)]
2026-09-15 02:14:29,093 - aqt.helper - DEBUG - helper 18856 Attempt to download checksum at https://download.qt.io/online/qtsdkrepository/windows_x86/desktop/qt6_6110/qt6_6110/Updates.xml.sha256
2026-09-15 02:14:30,385 - aqt.helper - DEBUG - helper 18856 Attempt to download checksum at https://download.qt.io/online/qtsdkrepository/windows_x86/desktop/qt6_6110/qt6_6110/Updates.xml.sha256
2026-09-15 02:14:31,715 - aqt.helper - DEBUG - helper 18856 Attempt to download checksum at https://download.qt.io/online/qtsdkrepository/windows_x86/desktop/qt6_6110/qt6_6110/Updates.xml.sha256
2026-09-15 02:14:33,004 - aqt.helper - DEBUG - helper 18856 Attempt to download checksum at https://download.qt.io/online/qtsdkrepository/windows_x86/desktop/qt6_6110/qt6_6110/Updates.xml.sha256
2026-09-15 02:14:34,365 - aqt.helper - DEBUG - helper 18856 Attempt to download checksum at https://download.qt.io/online/qtsdkrepository/windows_x86/desktop/qt6_6110/qt6_6110/Updates.xml.sha256
2026-09-15 02:21:53,993 - aqt.helper - DEBUG - helper 30236 Attempt to download checksum at https://download.qt.io/online/qtsdkrepository/all_os/wasm/qt6_6110/qt6_6110_wasm_multithread/qt.qt6.6110.addons.qt5compat.wasm_multithread/6.11.0-0-202603180534qt5compat-Linux-openSUSE_15_6-GCC-Linux-WebAssembly-X86_64.7z.sha256
2026-09-15 02:21:54,061 - aqt.helper - DEBUG - helper 26928 Attempt to download checksum at https://download.qt.io/online/qtsdkrepository/all_os/wasm/qt6_6110/qt6_6110_wasm_multithread/qt.qt6.6110.addons.qtgraphs.wasm_multithread/6.11.0-0-202603180534qtgraphs-Linux-openSUSE_15_6-GCC-Linux-WebAssembly-X86_64.7z.sha256
2026-09-15 02:21:54,087 - aqt.helper - DEBUG - helper 27336 Attempt to download checksum at https://download.qt.io/online/qtsdkrepository/all_os/wasm/qt6_6110/qt6_6110_wasm_multithread/qt.qt6.6110.addons.qtquick3d.wasm_multithread/6.11.0-0-202603180534qtquick3d-Linux-openSUSE_15_6-GCC-Linux-WebAssembly-X86_64.7z.sha256
2026-09-15 02:21:54,129 - aqt.helper - DEBUG - helper 26028 Attempt to download checksum at https://download.qt.io/online/qtsdkrepository/all_os/wasm/qt6_6110/qt6_6110_wasm_multithread/qt.qt6.6110.addons.qtshadertools.wasm_multithread/6.11.0-0-202603180534qtshadertools-Linux-openSUSE_15_6-GCC-Linux-WebAssembly-X86_64.7z.sha256
2026-09-15 02:21:55,392 - aqt.helper - INFO - helper 30236 Downloading qt5compat...
2026-09-15 02:21:55,507 - aqt.helper - INFO - helper 26028 Downloading qtshadertools...
2026-09-15 02:21:55,507 - aqt.helper - INFO - helper 27336 Downloading qtquick3d...
2026-09-15 02:21:55,533 - aqt.helper - INFO - helper 26928 Downloading qtgraphs...
2026-09-15 02:21:56,706 - aqt.helper - DEBUG - helper 30236 Asked to redirect(302) to: https://qt.mirror.constant.com/online/qtsdkrepository/all_os/wasm/qt6_6110/qt6_6110_wasm_multithread/qt.qt6.6110.addons.qt5compat.wasm_multithread/6.11.0-0-202603180534qt5compat-Linux-openSUSE_15_6-GCC-Linux-WebAssembly-X86_64.7z
2026-09-15 02:21:56,706 - aqt.helper - INFO - helper 30236 Redirected: qt.mirror.constant.com
2026-09-15 02:21:56,827 - aqt.helper - DEBUG - helper 27336 Asked to redirect(302) to: https://qt.mirror.constant.com/online/qtsdkrepository/all_os/wasm/qt6_6110/qt6_6110_wasm_multithread/qt.qt6.6110.addons.qtquick3d.wasm_multithread/6.11.0-0-202603180534qtquick3d-Linux-openSUSE_15_6-GCC-Linux-WebAssembly-X86_64.7z
2026-09-15 02:21:56,827 - aqt.helper - INFO - helper 27336 Redirected: qt.mirror.constant.com
2026-09-15 02:21:56,839 - aqt.helper - DEBUG - helper 26928 Asked to redirect(302) to: https://qt.mirror.constant.com/online/qtsdkrepository/all_os/wasm/qt6_6110/qt6_6110_wasm_multithread/qt.qt6.6110.addons.qtgraphs.wasm_multithread/6.11.0-0-202603180534qtgraphs-Linux-openSUSE_15_6-GCC-Linux-WebAssembly-X86_64.7z
2026-09-15 02:21:56,839 - aqt.helper - INFO - helper 26928 Redirected: qt.mirror.constant.com
2026-09-15 02:21:56,851 - aqt.helper - DEBUG - helper 26028 Asked to redirect(302) to: https://qt.mirror.constant.com/online/qtsdkrepository/all_os/wasm/qt6_6110/qt6_6110_wasm_multithread/qt.qt6.6110.addons.qtshadertools.wasm_multithread/6.11.0-0-202603180534qtshadertools-Linux-openSUSE_15_6-GCC-Linux-WebAssembly-X86_64.7z
2026-09-15 02:21:56,852 - aqt.helper - INFO - helper 26028 Redirected: qt.mirror.constant.com
2026-09-15 02:21:59,775 - aqt.helper - DEBUG - helper 26028 Attempt to download checksum at https://download.qt.io/online/qtsdkrepository/all_os/wasm/qt6_6110/qt6_6110_wasm_multithread/qt.qt6.6110.wasm_multithread/6.11.0-0-202603180534qtbase-Linux-openSUSE_15_6-GCC-Linux-WebAssembly-X86_64.7z.sha256
2026-09-15 02:21:59,896 - aqt.helper - DEBUG - helper 30236 Attempt to download checksum at https://download.qt.io/online/qtsdkrepository/all_os/wasm/qt6_6110/qt6_6110_wasm_multithread/qt.qt6.6110.wasm_multithread/6.11.0-0-202603180534qtsvg-Linux-openSUSE_15_6-GCC-Linux-WebAssembly-X86_64.7z.sha256
2026-09-15 02:22:01,260 - aqt.helper - DEBUG - helper 26928 Attempt to download checksum at https://download.qt.io/online/qtsdkrepository/all_os/wasm/qt6_6110/qt6_6110_wasm_multithread/qt.qt6.6110.wasm_multithread/6.11.0-0-202603180534qtdeclarative-Linux-openSUSE_15_6-GCC-Linux-WebAssembly-X86_64.7z.sha256
2026-09-15 02:22:01,274 - aqt.helper - INFO - helper 30236 Downloading qtsvg...
2026-09-15 02:22:01,405 - aqt.helper - INFO - helper 26028 Downloading qtbase...
2026-09-15 02:22:02,876 - aqt.helper - INFO - helper 26928 Downloading qtdeclarative...
2026-09-15 02:22:02,918 - aqt.helper - DEBUG - helper 30236 Asked to redirect(302) to: https://qt.mirror.constant.com/online/qtsdkrepository/all_os/wasm/qt6_6110/qt6_6110_wasm_multithread/qt.qt6.6110.wasm_multithread/6.11.0-0-202603180534qtsvg-Linux-openSUSE_15_6-GCC-Linux-WebAssembly-X86_64.7z
2026-09-15 02:22:02,919 - aqt.helper - INFO - helper 30236 Redirected: qt.mirror.constant.com
2026-09-15 02:22:02,981 - aqt.helper - DEBUG - helper 26028 Asked to redirect(302) to: https://qt.mirror.constant.com/online/qtsdkrepository/all_os/wasm/qt6_6110/qt6_6110_wasm_multithread/qt.qt6.6110.wasm_multithread/6.11.0-0-202603180534qtbase-Linux-openSUSE_15_6-GCC-Linux-WebAssembly-X86_64.7z
2026-09-15 02:22:02,981 - aqt.helper - INFO - helper 26028 Redirected: qt.mirror.constant.com
2026-09-15 02:22:04,718 - aqt.helper - DEBUG - helper 26928 Asked to redirect(302) to: https://qt.mirror.constant.com/online/qtsdkrepository/all_os/wasm/qt6_6110/qt6_6110_wasm_multithread/qt.qt6.6110.wasm_multithread/6.11.0-0-202603180534qtdeclarative-Linux-openSUSE_15_6-GCC-Linux-WebAssembly-X86_64.7z
2026-09-15 02:22:04,719 - aqt.helper - INFO - helper 26928 Redirected: qt.mirror.constant.com
2026-09-15 02:22:05,558 - aqt.helper - DEBUG - helper 30236 Attempt to download checksum at https://download.qt.io/online/qtsdkrepository/all_os/wasm/qt6_6110/qt6_6110_wasm_multithread/qt.qt6.6110.wasm_multithread/6.11.0-0-202603180534qttools-Linux-openSUSE_15_6-GCC-Linux-WebAssembly-X86_64.7z.sha256
2026-09-15 02:22:05,910 - aqt.helper - DEBUG - helper 27336 Attempt to download checksum at https://download.qt.io/online/qtsdkrepository/all_os/wasm/qt6_6110/qt6_6110_wasm_multithread/qt.qt6.6110.wasm_multithread/6.11.0-0-202603180534qttranslations-Linux-openSUSE_15_6-GCC-Linux-WebAssembly-X86_64.7z.sha256
2026-09-15 02:22:06,889 - aqt.helper - INFO - helper 30236 Downloading qttools...
2026-09-15 02:22:07,205 - aqt.helper - INFO - helper 27336 Downloading qttranslations...
2026-09-15 02:22:08,310 - aqt.helper - DEBUG - helper 30236 Asked to redirect(302) to: https://qt.mirror.constant.com/online/qtsdkrepository/all_os/wasm/qt6_6110/qt6_6110_wasm_multithread/qt.qt6.6110.wasm_multithread/6.11.0-0-202603180534qttools-Linux-openSUSE_15_6-GCC-Linux-WebAssembly-X86_64.7z
2026-09-15 02:22:08,310 - aqt.helper - INFO - helper 30236 Redirected: qt.mirror.constant.com
2026-09-15 02:22:08,514 - aqt.helper - DEBUG - helper 27336 Asked to redirect(302) to: https://qt.mirror.constant.com/online/qtsdkrepository/all_os/wasm/qt6_6110/qt6_6110_wasm_multithread/qt.qt6.6110.wasm_multithread/6.11.0-0-202603180534qttranslations-Linux-openSUSE_15_6-GCC-Linux-WebAssembly-X86_64.7z
2026-09-15 02:22:08,514 - aqt.helper - INFO - helper 27336 Redirected: qt.mirror.constant.com
2026-09-15 02:27:57,024 - aqt.helper - DEBUG - helper 32644 Attempt to download checksum at https://download.qt.io/online/qtsdkrepository/windows_x86/desktop/qt6_6110/qt6_6110_mingw/qt.qt6.6110.addons.qt5compat.win64_mingw/6.11.0-0-202603180535qt5compat-Windows-Windows_11_24H2-Mingw-Windows-Windows_11_24H2-X86_64.7z.sha256
2026-09-15 02:27:57,054 - aqt.helper - DEBUG - helper 25512 Attempt to download checksum at https://download.qt.io/online/qtsdkrepository/windows_x86/desktop/qt6_6110/qt6_6110_mingw/qt.qt6.6110.addons.qtgraphs.win64_mingw/6.11.0-0-202603180535qtgraphs-Windows-Windows_11_24H2-Mingw-Windows-Windows_11_24H2-X86_64.7z.sha256
2026-09-15 02:27:57,065 - aqt.helper - DEBUG - helper 29464 Attempt to download checksum at https://download.qt.io/online/qtsdkrepository/windows_x86/desktop/qt6_6110/qt6_6110_mingw/qt.qt6.6110.addons.qtquick3d.win64_mingw/6.11.0-0-202603180535qtquick3d-Windows-Windows_11_24H2-Mingw-Windows-Windows_11_24H2-X86_64.7z.sha256
2026-09-15 02:27:57,085 - aqt.helper - DEBUG - helper 12168 Attempt to download checksum at https://download.qt.io/online/qtsdkrepository/windows_x86/desktop/qt6_6110/qt6_6110_mingw/qt.qt6.6110.addons.qtshadertools.win64_mingw/6.11.0-0-202603180535qtshadertools-Windows-Windows_11_24H2-Mingw-Windows-Windows_11_24H2-X86_64.7z.sha256
2026-09-15 02:27:58,462 - aqt.helper - INFO - helper 25512 Downloading qtgraphs...
2026-09-15 02:27:58,506 - aqt.helper - INFO - helper 32644 Downloading qt5compat...
2026-09-15 02:27:58,557 - aqt.helper - INFO - helper 29464 Downloading qtquick3d...
2026-09-15 02:27:58,596 - aqt.helper - INFO - helper 12168 Downloading qtshadertools...
2026-09-15 02:27:59,827 - aqt.helper - DEBUG - helper 25512 Asked to redirect(302) to: https://qt.mirror.constant.com/online/qtsdkrepository/windows_x86/desktop/qt6_6110/qt6_6110_mingw/qt.qt6.6110.addons.qtgraphs.win64_mingw/6.11.0-0-202603180535qtgraphs-Windows-Windows_11_24H2-Mingw-Windows-Windows_11_24H2-X86_64.7z
2026-09-15 02:27:59,827 - aqt.helper - INFO - helper 25512 Redirected: qt.mirror.constant.com
2026-09-15 02:27:59,884 - aqt.helper - DEBUG - helper 32644 Asked to redirect(302) to: https://qt.mirror.constant.com/online/qtsdkrepository/windows_x86/desktop/qt6_6110/qt6_6110_mingw/qt.qt6.6110.addons.qt5compat.win64_mingw/6.11.0-0-202603180535qt5compat-Windows-Windows_11_24H2-Mingw-Windows-Windows_11_24H2-X86_64.7z
2026-09-15 02:27:59,885 - aqt.helper - INFO - helper 32644 Redirected: qt.mirror.constant.com
2026-09-15 02:27:59,942 - aqt.helper - DEBUG - helper 29464 Asked to redirect(302) to: https://qt.mirror.constant.com/online/qtsdkrepository/windows_x86/desktop/qt6_6110/qt6_6110_mingw/qt.qt6.6110.addons.qtquick3d.win64_mingw/6.11.0-0-202603180535qtquick3d-Windows-Windows_11_24H2-Mingw-Windows-Windows_11_24H2-X86_64.7z
2026-09-15 02:27:59,942 - aqt.helper - INFO - helper 29464 Redirected: qt.mirror.constant.com
2026-09-15 02:27:59,971 - aqt.helper - DEBUG - helper 12168 Asked to redirect(302) to: https://qt.mirror.constant.com/online/qtsdkrepository/windows_x86/desktop/qt6_6110/qt6_6110_mingw/qt.qt6.6110.addons.qtshadertools.win64_mingw/6.11.0-0-202603180535qtshadertools-Windows-Windows_11_24H2-Mingw-Windows-Windows_11_24H2-X86_64.7z
2026-09-15 02:27:59,971 - aqt.helper - INFO - helper 12168 Redirected: qt.mirror.constant.com
2026-09-15 02:28:02,171 - aqt.helper - DEBUG - helper 12168 Attempt to download checksum at https://download.qt.io/online/qtsdkrepository/windows_x86/desktop/qt6_6110/qt6_6110_mingw/qt.qt6.6110.win64_mingw/6.11.0-0-202603180535qtbase-Windows-Windows_11_24H2-Mingw-Windows-Windows_11_24H2-X86_64.7z.sha256
2026-09-15 02:28:02,293 - aqt.helper - DEBUG - helper 32644 Attempt to download checksum at https://download.qt.io/online/qtsdkrepository/windows_x86/desktop/qt6_6110/qt6_6110_mingw/qt.qt6.6110.win64_mingw/6.11.0-0-202603180535qtsvg-Windows-Windows_11_24H2-Mingw-Windows-Windows_11_24H2-X86_64.7z.sha256
2026-09-15 02:28:03,270 - aqt.helper - DEBUG - helper 25512 Attempt to download checksum at https://download.qt.io/online/qtsdkrepository/windows_x86/desktop/qt6_6110/qt6_6110_mingw/qt.qt6.6110.win64_mingw/6.11.0-0-202603180535qtdeclarative-Windows-Windows_11_24H2-Mingw-Windows-Windows_11_24H2-X86_64.7z.sha256
2026-09-15 02:28:03,513 - aqt.helper - INFO - helper 12168 Downloading qtbase...
2026-09-15 02:28:03,637 - aqt.helper - INFO - helper 32644 Downloading qtsvg...
2026-09-15 02:28:04,548 - aqt.helper - INFO - helper 25512 Downloading qtdeclarative...
2026-09-15 02:28:04,774 - aqt.helper - DEBUG - helper 12168 Asked to redirect(302) to: https://qt.mirror.constant.com/online/qtsdkrepository/windows_x86/desktop/qt6_6110/qt6_6110_mingw/qt.qt6.6110.win64_mingw/6.11.0-0-202603180535qtbase-Windows-Windows_11_24H2-Mingw-Windows-Windows_11_24H2-X86_64.7z
2026-09-15 02:28:04,775 - aqt.helper - INFO - helper 12168 Redirected: qt.mirror.constant.com
2026-09-15 02:28:04,909 - aqt.helper - DEBUG - helper 32644 Asked to redirect(302) to: https://qt.mirror.constant.com/online/qtsdkrepository/windows_x86/desktop/qt6_6110/qt6_6110_mingw/qt.qt6.6110.win64_mingw/6.11.0-0-202603180535qtsvg-Windows-Windows_11_24H2-Mingw-Windows-Windows_11_24H2-X86_64.7z
2026-09-15 02:28:04,909 - aqt.helper - INFO - helper 32644 Redirected: qt.mirror.constant.com
2026-09-15 02:28:06,306 - aqt.helper - DEBUG - helper 25512 Asked to redirect(302) to: https://qt.mirror.constant.com/online/qtsdkrepository/windows_x86/desktop/qt6_6110/qt6_6110_mingw/qt.qt6.6110.win64_mingw/6.11.0-0-202603180535qtdeclarative-Windows-Windows_11_24H2-Mingw-Windows-Windows_11_24H2-X86_64.7z
2026-09-15 02:28:06,306 - aqt.helper - INFO - helper 25512 Redirected: qt.mirror.constant.com
2026-09-15 02:28:07,438 - aqt.helper - DEBUG - helper 32644 Attempt to download checksum at https://download.qt.io/online/qtsdkrepository/windows_x86/desktop/qt6_6110/qt6_6110_mingw/qt.qt6.6110.win64_mingw/6.11.0-0-202603180535qtdoc-Windows-Windows_11_24H2-Mingw-Windows-Windows_11_24H2-X86_64.7z.sha256
2026-09-15 02:28:08,728 - aqt.helper - INFO - helper 32644 Downloading qtdoc...
2026-09-15 02:28:11,674 - aqt.helper - DEBUG - helper 32644 Asked to redirect(302) to: https://qt.mirror.constant.com/online/qtsdkrepository/windows_x86/desktop/qt6_6110/qt6_6110_mingw/qt.qt6.6110.win64_mingw/6.11.0-0-202603180535qtdoc-Windows-Windows_11_24H2-Mingw-Windows-Windows_11_24H2-X86_64.7z
2026-09-15 02:28:11,675 - aqt.helper - INFO - helper 32644 Redirected: qt.mirror.constant.com
2026-09-15 02:28:12,926 - aqt.helper - DEBUG - helper 29464 Attempt to download checksum at https://download.qt.io/online/qtsdkrepository/windows_x86/desktop/qt6_6110/qt6_6110_mingw/qt.qt6.6110.win64_mingw/6.11.0-0-202603180535qttools-Windows-Windows_11_24H2-Mingw-Windows-Windows_11_24H2-X86_64.7z.sha256
2026-09-15 02:28:13,693 - aqt.helper - DEBUG - helper 32644 Attempt to download checksum at https://download.qt.io/online/qtsdkrepository/windows_x86/desktop/qt6_6110/qt6_6110_mingw/qt.qt6.6110.win64_mingw/6.11.0-0-202603180535qttranslations-Windows-Windows_11_24H2-Mingw-Windows-Windows_11_24H2-X86_64.7z.sha256
2026-09-15 02:28:14,181 - aqt.helper - INFO - helper 29464 Downloading qttools...
2026-09-15 02:28:14,954 - aqt.helper - INFO - helper 32644 Downloading qttranslations...
2026-09-15 02:28:15,469 - aqt.helper - DEBUG - helper 29464 Asked to redirect(302) to: https://qt.mirror.constant.com/online/qtsdkrepository/windows_x86/desktop/qt6_6110/qt6_6110_mingw/qt.qt6.6110.win64_mingw/6.11.0-0-202603180535qttools-Windows-Windows_11_24H2-Mingw-Windows-Windows_11_24H2-X86_64.7z
2026-09-15 02:28:15,469 - aqt.helper - INFO - helper 29464 Redirected: qt.mirror.constant.com
2026-09-15 02:28:16,211 - aqt.helper - DEBUG - helper 32644 Asked to redirect(302) to: https://qt.mirror.constant.com/online/qtsdkrepository/windows_x86/desktop/qt6_6110/qt6_6110_mingw/qt.qt6.6110.win64_mingw/6.11.0-0-202603180535qttranslations-Windows-Windows_11_24H2-Mingw-Windows-Windows_11_24H2-X86_64.7z
2026-09-15 02:28:16,212 - aqt.helper - INFO - helper 32644 Redirected: qt.mirror.constant.com
2026-09-15 02:28:22,072 - aqt.helper - DEBUG - helper 21896 Attempt to download checksum at https://download.qt.io/online/qtsdkrepository/windows_x86/desktop/qt6_6110/qt6_6110_mingw/qt.qt6.6110.win64_mingw/6.11.0-0-202603180535MinGW-w64-x86_64-13.1.0-release-posix-seh-msvcrt-rt_v11-rev1-runtime.7z.sha256
2026-09-15 02:28:23,470 - aqt.helper - INFO - helper 21896 Downloading MinGW...
2026-09-15 02:28:24,041 - aqt.helper - DEBUG - helper 29464 Attempt to download checksum at https://download.qt.io/online/qtsdkrepository/windows_x86/desktop/qt6_6110/qt6_6110_mingw/qt.qt6.6110.win64_mingw/6.11.0-0-202603180535d3dcompiler_47-x64.7z.sha256
2026-09-15 02:28:24,785 - aqt.helper - DEBUG - helper 21896 Asked to redirect(302) to: https://qt.mirror.constant.com/online/qtsdkrepository/windows_x86/desktop/qt6_6110/qt6_6110_mingw/qt.qt6.6110.win64_mingw/6.11.0-0-202603180535MinGW-w64-x86_64-13.1.0-release-posix-seh-msvcrt-rt_v11-rev1-runtime.7z
2026-09-15 02:28:24,786 - aqt.helper - INFO - helper 21896 Redirected: qt.mirror.constant.com
2026-09-15 02:28:25,371 - aqt.helper - INFO - helper 29464 Downloading d3dcompiler_47...
2026-09-15 02:28:26,309 - aqt.helper - DEBUG - helper 21896 Attempt to download checksum at https://download.qt.io/online/qtsdkrepository/windows_x86/desktop/qt6_6110/qt6_6110_mingw/qt.qt6.6110.win64_mingw/6.11.0-0-202603180535opengl32sw-64-mesa_11_2_2-signed_sha256.7z.sha256
2026-09-15 02:28:26,730 - aqt.helper - DEBUG - helper 29464 Asked to redirect(302) to: https://qt.mirror.constant.com/online/qtsdkrepository/windows_x86/desktop/qt6_6110/qt6_6110_mingw/qt.qt6.6110.win64_mingw/6.11.0-0-202603180535d3dcompiler_47-x64.7z
2026-09-15 02:28:26,730 - aqt.helper - INFO - helper 29464 Redirected: qt.mirror.constant.com
2026-09-15 02:28:27,744 - aqt.helper - INFO - helper 21896 Downloading opengl32sw...
2026-09-15 02:28:29,202 - aqt.helper - DEBUG - helper 21896 Asked to redirect(302) to: https://qt.mirror.constant.com/online/qtsdkrepository/windows_x86/desktop/qt6_6110/qt6_6110_mingw/qt.qt6.6110.win64_mingw/6.11.0-0-202603180535opengl32sw-64-mesa_11_2_2-signed_sha256.7z
2026-09-15 02:28:29,202 - aqt.helper - INFO - helper 21896 Redirected: qt.mirror.constant.com
2026-09-15 02:30:33,656 - aqt.helper - DEBUG - helper 28492 Attempt to download checksum at https://download.qt.io/online/qtsdkrepository/all_os/wasm/qt6_6110/qt6_6110_wasm_multithread/qt.qt6.6110.addons.qtcharts.wasm_multithread/6.11.0-0-202603180534qtcharts-Linux-openSUSE_15_6-GCC-Linux-WebAssembly-X86_64.7z.sha256
2026-09-15 02:30:33,683 - aqt.helper - DEBUG - helper 28792 Attempt to download checksum at https://download.qt.io/online/qtsdkrepository/all_os/wasm/qt6_6110/qt6_6110_wasm_multithread/qt.qt6.6110.addons.qtimageformats.wasm_multithread/6.11.0-0-202603180534qtimageformats-Linux-openSUSE_15_6-GCC-Linux-WebAssembly-X86_64.7z.sha256
2026-09-15 02:30:33,692 - aqt.helper - DEBUG - helper 25920 Attempt to download checksum at https://download.qt.io/online/qtsdkrepository/all_os/wasm/qt6_6110/qt6_6110_wasm_multithread/qt.qt6.6110.addons.qttasktree.wasm_multithread/6.11.0-0-202603180534qttasktree-Linux-openSUSE_15_6-GCC-Linux-WebAssembly-X86_64.7z.sha256
2026-09-15 02:30:33,693 - aqt.helper - DEBUG - helper 30056 Attempt to download checksum at https://download.qt.io/online/qtsdkrepository/all_os/wasm/qt6_6110/qt6_6110_wasm_multithread/qt.qt6.6110.addons.qtquicktimeline.wasm_multithread/6.11.0-0-202603180534qtquicktimeline-Linux-openSUSE_15_6-GCC-Linux-WebAssembly-X86_64.7z.sha256
2026-09-15 02:30:34,997 - aqt.helper - INFO - helper 28492 Downloading qtcharts...
2026-09-15 02:30:35,013 - aqt.helper - INFO - helper 25920 Downloading qttasktree...
2026-09-15 02:30:35,017 - aqt.helper - INFO - helper 30056 Downloading qtquicktimeline...
2026-09-15 02:30:35,018 - aqt.helper - INFO - helper 28792 Downloading qtimageformats...
2026-09-15 02:30:36,335 - aqt.helper - DEBUG - helper 28492 Asked to redirect(302) to: https://qt.mirror.constant.com/online/qtsdkrepository/all_os/wasm/qt6_6110/qt6_6110_wasm_multithread/qt.qt6.6110.addons.qtcharts.wasm_multithread/6.11.0-0-202603180534qtcharts-Linux-openSUSE_15_6-GCC-Linux-WebAssembly-X86_64.7z
2026-09-15 02:30:36,335 - aqt.helper - INFO - helper 28492 Redirected: qt.mirror.constant.com
2026-09-15 02:30:36,344 - aqt.helper - DEBUG - helper 25920 Asked to redirect(302) to: https://qt.mirror.constant.com/online/qtsdkrepository/all_os/wasm/qt6_6110/qt6_6110_wasm_multithread/qt.qt6.6110.addons.qttasktree.wasm_multithread/6.11.0-0-202603180534qttasktree-Linux-openSUSE_15_6-GCC-Linux-WebAssembly-X86_64.7z
2026-09-15 02:30:36,345 - aqt.helper - INFO - helper 25920 Redirected: qt.mirror.constant.com
2026-09-15 02:30:36,348 - aqt.helper - DEBUG - helper 30056 Asked to redirect(302) to: https://qt.mirror.constant.com/online/qtsdkrepository/all_os/wasm/qt6_6110/qt6_6110_wasm_multithread/qt.qt6.6110.addons.qtquicktimeline.wasm_multithread/6.11.0-0-202603180534qtquicktimeline-Linux-openSUSE_15_6-GCC-Linux-WebAssembly-X86_64.7z
2026-09-15 02:30:36,348 - aqt.helper - INFO - helper 30056 Redirected: qt.mirror.constant.com
2026-09-15 02:30:36,359 - aqt.helper - DEBUG - helper 28792 Asked to redirect(302) to: https://qt.mirror.constant.com/online/qtsdkrepository/all_os/wasm/qt6_6110/qt6_6110_wasm_multithread/qt.qt6.6110.addons.qtimageformats.wasm_multithread/6.11.0-0-202603180534qtimageformats-Linux-openSUSE_15_6-GCC-Linux-WebAssembly-X86_64.7z
2026-09-15 02:30:36,359 - aqt.helper - INFO - helper 28792 Redirected: qt.mirror.constant.com
2026-09-15 02:30:55,358 - aqt.helper - DEBUG - helper 27312 Attempt to download checksum at https://download.qt.io/online/qtsdkrepository/windows_x86/desktop/qt6_6110/qt6_6110_mingw/qt.qt6.6110.addons.qtimageformats.win64_mingw/6.11.0-0-202603180535qtimageformats-Windows-Windows_11_24H2-Mingw-Windows-Windows_11_24H2-X86_64.7z.sha256
2026-09-15 02:30:55,362 - aqt.helper - DEBUG - helper 18120 Attempt to download checksum at https://download.qt.io/online/qtsdkrepository/windows_x86/desktop/qt6_6110/qt6_6110_mingw/qt.qt6.6110.addons.qtcharts.win64_mingw/6.11.0-0-202603180535qtcharts-Windows-Windows_11_24H2-Mingw-Windows-Windows_11_24H2-X86_64.7z.sha256
2026-09-15 02:30:55,373 - aqt.helper - DEBUG - helper 24516 Attempt to download checksum at https://download.qt.io/online/qtsdkrepository/windows_x86/desktop/qt6_6110/qt6_6110_mingw/qt.qt6.6110.addons.qtquicktimeline.win64_mingw/6.11.0-0-202603180535qtquicktimeline-Windows-Windows_11_24H2-Mingw-Windows-Windows_11_24H2-X86_64.7z.sha256
2026-09-15 02:30:55,383 - aqt.helper - DEBUG - helper 25564 Attempt to download checksum at https://download.qt.io/online/qtsdkrepository/windows_x86/desktop/qt6_6110/qt6_6110_mingw/qt.qt6.6110.addons.qttasktree.win64_mingw/6.11.0-0-202603180535qttasktree-Windows-Windows_11_24H2-Mingw-Windows-Windows_11_24H2-X86_64.7z.sha256
2026-09-15 02:30:56,705 - aqt.helper - INFO - helper 25564 Downloading qttasktree...
2026-09-15 02:30:56,718 - aqt.helper - INFO - helper 27312 Downloading qtimageformats...
2026-09-15 02:30:56,725 - aqt.helper - INFO - helper 24516 Downloading qtquicktimeline...
2026-09-15 02:30:56,736 - aqt.helper - INFO - helper 18120 Downloading qtcharts...
2026-09-15 02:30:58,026 - aqt.helper - DEBUG - helper 25564 Asked to redirect(302) to: https://qt.mirror.constant.com/online/qtsdkrepository/windows_x86/desktop/qt6_6110/qt6_6110_mingw/qt.qt6.6110.addons.qttasktree.win64_mingw/6.11.0-0-202603180535qttasktree-Windows-Windows_11_24H2-Mingw-Windows-Windows_11_24H2-X86_64.7z
2026-09-15 02:30:58,027 - aqt.helper - INFO - helper 25564 Redirected: qt.mirror.constant.com
2026-09-15 02:30:58,041 - aqt.helper - DEBUG - helper 27312 Asked to redirect(302) to: https://qt.mirror.constant.com/online/qtsdkrepository/windows_x86/desktop/qt6_6110/qt6_6110_mingw/qt.qt6.6110.addons.qtimageformats.win64_mingw/6.11.0-0-202603180535qtimageformats-Windows-Windows_11_24H2-Mingw-Windows-Windows_11_24H2-X86_64.7z
2026-09-15 02:30:58,041 - aqt.helper - INFO - helper 27312 Redirected: qt.mirror.constant.com
2026-09-15 02:30:58,045 - aqt.helper - DEBUG - helper 24516 Asked to redirect(302) to: https://qt.mirror.constant.com/online/qtsdkrepository/windows_x86/desktop/qt6_6110/qt6_6110_mingw/qt.qt6.6110.addons.qtquicktimeline.win64_mingw/6.11.0-0-202603180535qtquicktimeline-Windows-Windows_11_24H2-Mingw-Windows-Windows_11_24H2-X86_64.7z
2026-09-15 02:30:58,045 - aqt.helper - INFO - helper 24516 Redirected: qt.mirror.constant.com
2026-09-15 02:30:58,055 - aqt.helper - DEBUG - helper 18120 Asked to redirect(302) to: https://qt.mirror.constant.com/online/qtsdkrepository/windows_x86/desktop/qt6_6110/qt6_6110_mingw/qt.qt6.6110.addons.qtcharts.win64_mingw/6.11.0-0-202603180535qtcharts-Windows-Windows_11_24H2-Mingw-Windows-Windows_11_24H2-X86_64.7z
2026-09-15 02:30:58,056 - aqt.helper - INFO - helper 18120 Redirected: qt.mirror.constant.com
